cohort,DPH,seq,video_name,fps,num_frames_sampled,last_frame_sampled,duration.sampled,num_frames_with_detections,total_clips,removed_preds,start_frame,rotifers,artemia,temp,oxygen,PH,our.temp,mean_current,std_current,rms_current,pull,crazy,fast_start,rotate,breathe,swim,other,strike,spit_i&o,no_fish,tot_preds_in_sampled_time,tot_labeled,proportion_no_fish,min_labeled,frame_span_labeled,manually_annotated,mean_detections_per_frame_20,std_detections_per_frame_20,max_detections_per_frame_20,last_frame_labeled,age_group,frame_size,manual_strikes,manual_strikes_detected_kinetics,manual_strikes_detected_ssv,manual_strikes_detected,new_strikes_kinetics_only,new_strikes_ssv_only,new_strikes_both,new_strikes_detected,unique_strikes,tot_labeled_both,tank,full_duration_min,ssv2_execution_time,kinetics_execution_time
F02,13,Seq3,Seq3_13DPH_F02,850,4251,255040,5.000784314,4148,15488,1982,0,240,0,18.7,100,8.080340909,,,,,0,0,2,0,0,123,2,0,0,0,13506,125,0,5.001568627,255080,TRUE,3.714285714,2.283481052,8,255080,Dec-20,400,0,0,0,0,0,0,0,0,0,330,41,19.99980392,9403.131602,11262.54678
F02,23,Seq1,Seq1_23DPH_F02,750,3751,225040,5.000888889,2965,5978,481,0,0,48,20.4,89,8.080340909,,,,,0,0,3,0,0,34,3,2,1,0,5497,39,0,5.001777778,225080,TRUE,1.238095238,1.220850601,4,225080,21-26,400,2,1,2,2,0,0,0,0,2,89,41,19.99822222,5271.302232,4811.348328
F02,25,Seq1,Seq1_25DPH_F02,750,3751,225040,5.000888889,1569,2172,153,0,0,36,20.7,81,8.080340909,,,,,0,0,1,0,0,17,1,0,0,0,2019,18,0,5.001777778,225080,TRUE,0.571428571,0.676123404,2,225080,21-26,400,0,0,0,0,0,1,0,1,1,57,41,19.9868,2591.62354,2769.457719
F02,26,Seq1,Seq1_26DPH_F02,750,3751,225040,5.000888889,944,1281,113,0,0,63.7,20.6,80,8.080340909,,,,,0,4,0,0,0,6,5,5,1,0,1168,14,0,5.001777778,225080,TRUE,0.238095238,0.538958431,2,225080,21-26,400,2,2,2,2,0,0,1,1,3,31,41,22.22048889,1654.560816,2301.850467
F02,30,Seq1,Seq1_30DPH_F02,749,3746,224740,5.000890076,1123,1453,87,0,0,110.6,22,75,8.080340909,,,,,15,0,0,0,0,3,17,1,0,0,1366,20,0,5.001780151,224780,TRUE,0.476190476,0.92838826,4,224780,27-30,400,1,0,1,1,0,0,0,0,1,61,41,5.592523364,3662.078532,2514.628242
F03,16,Seq1,Seq1_16DPH_F03,750,3751,225040,5.000888889,407,443,15,0,261,6.3,19.7,91.85294118,7.98,,,,,0,0,0,0,0,1,0,0,0,0,428,1,0,5.001777778,225080,TRUE,0.142857143,0.358568583,1,225080,Dec-20,400,0,0,0,0,0,0,0,0,0,6,81,20.31513333,1039.837065,2358.577021
F03,20,Seq1,Seq1_20DPH_F03,750,3751,225040,5.000888889,1648,2334,121,0,230,20.8,20.7,91.85294118,8.04,,,,,0,0,0,0,0,9,0,0,0,0,2213,9,0,5.001777778,225080,TRUE,0.476190476,0.813575296,3,225080,Dec-20,400,0,0,0,0,0,0,0,0,0,20,81,20.02042222,3026.671356,4637.60709
F05,24,Seq1,Seq1_24DPH_F05,630,3151,189040,5.001058201,1976,6102,538,0,0,67.2,21.1,83,8,21.1,,,,2,0,0,0,0,63,2,0,0,2,5564,67,0.029850746,5.002116402,189080,TRUE,1.952380952,2.710649193,12,189080,21-26,400,0,0,0,0,0,0,0,0,0,73,41,17.31380952,4121.655118,4864.718954
F06,7,Seq1,Seq1_07DPH_F06,500,2501,150040,5.001333333,1978,5671,640,0,209,0,20.2,91,8.22,20,0.011278638,0.005629374,0.012605444,1,0,2,0,0,192,5,0,0,0,5031,197,0,5.002666667,150080,TRUE,2.19047619,2.112322126,9,150080,06-Nov,400,0,0,0,0,0,0,0,0,0,203,61,30.1857,4161.217571,6152.597419
F06,8,Seq1,Seq1_08DPH_F06,500,2501,150040,5.001333333,2056,7453,914,0,288,0,20.1,92,8.15,20.1,0.010735202,0.005529297,0.012075489,0,0,2,0,0,127,9,1,1,0,6539,138,0,5.002666667,150080,TRUE,2.523809524,2.182178902,8,150080,06-Nov,400,0,0,0,0,1,0,0,1,1,163,61,30.041,4693.852544,7471.031519
F06,10,Seq1,Seq1_10DPH_F06,500,2501,150040,5.001333333,930,2035,162,98882,286,0,20.3,90,8.17,20.2,0.011735379,0.009524307,0.015113935,0,3,0,0,0,189,12,3,0,1,1589,203,0.004878049,5.003333333,150100,TRUE,0.714285714,0.726273039,2,248982,06-Nov,400,1,1,1,1,1,0,0,1,2,214,61,28.78903333,2351.332006,3973.773202
F06,26,Seq1,Seq1_26DPH_F06,500,2501,150040,5.001333333,598,698,38,0,0,71.05,21.3,83,8.07,21.5,0.019881205,0.021162134,0.029036124,0,0,0,0,0,10,0,0,0,0,660,10,0,5.002666667,150080,TRUE,0.238095238,0.43643578,1,150080,21-26,400,0,0,0,0,0,0,0,0,0,13,61,45.22176667,1153.725121,2114.753114
F06,27,Seq1,Seq1_27DPH_F06,500,2501,150040,5.001333333,81,82,1,0,0,78.75,21.2,78,8.04,21.3,0.016403988,0.008533412,0.018490798,0,0,0,0,0,1,0,0,0,0,81,1,0,5.002666667,150080,TRUE,0,0,0,150080,27-30,400,0,0,0,0,0,0,0,0,0,2,61,45.412,375.4328086,845.2001877
F06,27,Seq2,Seq2_27DPH_F06,500,2501,150040,5.001333333,414,492,25,0,0,78.75,21.2,78,8.04,21.3,0.016403988,0.008533412,0.018490798,0,0,1,0,0,4,3,1,0,0,467,6,0,5.002666667,150080,TRUE,0.238095238,0.43643578,1,150080,27-30,400,1,0,1,1,0,0,0,0,1,12,61,21.5595,867.626925,1278.325362
F09,16,Seq3,Seq3_16DPH_F09,500,2501,150040,5.001333333,42,42,0,0,264,6.9,20.7,110,8.12,20.9,0.013552745,0.005957839,0.014804478,0,0,0,0,0,0,0,0,0,0,42,0,,5.002666667,150080,TRUE,0,0,0,150080,Dec-20,400,0,0,0,0,0,0,0,0,0,1,81,20.04473333,271.8413172,1206.992329
F10,7,Seq1,Seq1_07DPH_F10,500,2501,150040,5.001333333,1745,3267,245,0,180,0,20.1,96,8.2,20.2,0.013095786,0.00644036,0.014593753,1,0,1,0,0,143,2,0,0,0,3022,145,0,5.002666667,150080,TRUE,0.952380952,0.920662287,3,150080,06-Nov,400,0,0,0,0,0,0,0,0,0,156,101,47.27876667,3236.827222,3129.424488
F10,9,Seq1,Seq1_09DPH_F10,500,2501,150040,5.001333333,1995,4858,448,0,250,0,19.9,95,8.22,19.8,0.012654498,0.007097972,0.014509215,12,6,4,0,0,393,24,1,0,0,4410,418,0,5.002666667,150080,TRUE,1.380952381,1.321975434,4,150080,06-Nov,400,1,1,1,1,0,0,0,0,1,460,101,51.39443333,3917.215033,3985.974214
F10,20,Seq1,Seq1_20DPH_F10,500,2501,150040,5.001333333,270,744,51,0,180,6,20.4,100,8.16,20,0.015010849,0.006661484,0.016422568,2,0,0,0,0,13,2,0,0,3,693,18,0.166666667,5.002666667,150080,TRUE,0.619047619,2.616795569,12,150080,Dec-20,400,0,0,0,0,0,0,0,0,0,21,101,59.57696667,723.5501037,1037.9502
F10,24,Seq1,Seq1_24DPH_F10,497,2486,149140,5.001341382,956,1291,63,0,0,70,20.5,89,8.15,20.3,,,,1,0,0,0,0,9,1,0,0,70,1228,80,0.875,5.002682763,149180,TRUE,0.857142857,0.91025899,3,149180,21-26,400,0,0,0,0,0,0,0,0,0,199,101,25.79480215,1742.41894,2870.917037
F12,23,Seq1,Seq1_23DPH_F12,500,2501,150040,5.001333333,2497,21859,4903,0,325,48.6,19.5,88,8.16,19.7,,,,0,0,1,0,0,453,1,4,0,0,16956,455,0,5.002666667,150080,TRUE,7.666666667,3.055050463,12,150080,21-26,400,2,1,2,2,0,3,0,3,5,623,101,10.35513333,8261.478626,8596.350589
F12,25,Seq2,Seq2_25DPH_F12,500,2501,150040,5.001333333,2490,44224,16611,0,0,70,19.7,80,8.11,19.7,,,,33,0,8,0,61,322,130,3,1,44,15854,500,0.088,3.066666667,92000,TRUE,11.23809524,2.385471901,16,92000,21-26,400,0,0,0,0,2,0,1,3,3,511,101,32.3759,13753.86609,27024.43105
F12,26,Seq1,Seq1_26DPH_F12,500,2501,150040,5.001333333,2367,7681,753,0,0,87.5,19.7,90,8.1,19.5,,,,76,3,0,0,4,414,81,4,1,0,3394,500,0,2.570666667,77120,TRUE,2.952380952,1.532194194,6,77120,21-26,400,0,0,0,0,2,0,0,2,2,597,101,20.0171,5032.141541,5600.156116
F12,26,Seq2,Seq2_26DPH_F12,500,2004,120220,4.007333333,1894,6203,909,0,0,87.5,19.7,90,8.1,19.5,,,,129,27,2,0,0,313,159,5,22,1,4521,500,0.002,3.438666667,103160,TRUE,2.666666667,1.74164673,8,103160,21-26,400,1,1,1,1,4,0,0,4,5,728,101,4.010233333,3981.163691,4381.226583
F12,27,Seq2,Seq2_27DPH_F12,500,2501,150040,5.001333333,2458,9724,1097,0,0,96.25,19.7,75,8.080340909,,,,,3,0,0,0,0,482,15,2,1,1,5709,500,0.001996008,3.116666667,93500,TRUE,3.380952381,1.532194194,7,93500,27-30,400,1,1,1,1,0,0,0,0,1,623,101,20.00523333,5546.36193,6029.852397
F13,20,Seq2,Seq2_20DPH_F13,500,2501,150040,5.001333333,2473,10852,1182,0,378,36,20,82,8.01,19.9,,,,216,13,28,0,6,195,300,2,1,0,3390,500,0,1.426666667,42800,TRUE,3.619047619,1.802115159,8,42800,Dec-20,400,1,1,0,1,0,0,0,0,1,547,81,16.9405,5917.667748,8244.817096
F13,23,Seq1,Seq1_23DPH_F13,500,2501,150040,5.001333333,1750,3130,172,0,390,50.4,19.9,80,8.03,19.7,,,,153,17,22,8,9,173,231,1,8,1,2958,414,0.002415459,5.002666667,150080,TRUE,1.19047619,1.167006753,5,150080,21-26,400,0,0,0,0,1,1,0,2,2,504,81,20.09326667,3205.770064,3992.772729
F13,23,Seq2,Seq2_23DPH_F13,500,2501,150040,5.001333333,2501,25379,5694,0,390,50.4,19.9,80,8.03,19.7,,,,67,13,0,1,0,421,65,2,12,0,2002,500,0,0.414666667,12440,TRUE,7.523809524,2.182178902,12,12440,21-26,400,0,0,0,0,2,0,0,2,2,531,81,20.4483,9516.281143,12836.05587
F13,30,Seq1,Seq1_30DPH_F13,500,2501,150040,5.001333333,1705,3271,257,0,0,112.8,21.3,108,8.1,21.3,,,,5,0,0,0,0,49,7,1,0,0,3014,55,0,5.002666667,150080,TRUE,1.095238095,1.04425868,3,150080,27-30,400,1,0,0,0,0,0,0,0,0,139,81,20.60843333,3140.887119,3806.127322
F14,10,Seq2,Seq2_10DPH_F14,544,209,12520,0.383578431,38,40,0,0,400,0,19,90,8.18,19,,,,0,0,0,0,0,1,0,0,0,0,40,1,0,0.384803922,12560,TRUE,0.285714286,0.46291005,1,12560,06-Nov,400,0,0,0,0,0,0,0,0,0,2,61,0.385876225,66.09422708,113.7111247
F14,27,Seq1,Seq1_27DPH_F14,500,2501,150040,5.001333333,2501,19719,4458,0,0,80.85,20,90,8.18,21.2,,,,43,12,2,0,0,441,48,4,7,0,3735,500,0,1.056666667,31700,TRUE,6.047619048,2.499523764,10,31700,27-30,400,1,1,1,1,2,0,0,2,3,552,61,20.07003333,8029.299216,11944.13474
F14,27,Seq2,Seq2_27DPH_F14,500,2501,150040,5.001333333,2422,8902,1050,0,0,80.85,20,90,8.18,21.2,,,,195,19,1,1,0,239,249,3,7,1,4583,500,0.002004008,2.842666667,85280,TRUE,3.428571429,1.287300609,5,85280,27-30,400,0,0,0,0,2,0,1,3,3,577,61,20.13293333,5431.688795,9982.813254
F15,24,Seq3,Seq3_24DPH_F15,498,2491,149440,5.001338688,1148,1562,82,0,,,19.6,91.85294118,8.11,19.6,,,,21,5,0,0,0,73,25,1,1,0,1480,100,0,5.002677376,149480,TRUE,0.523809524,0.74960307,3,149480,21-26,400,1,1,1,1,0,0,0,0,1,174,71,13.8708166,2077.945461,2033.618777
F15,28,Seq2,Seq2_28DPH_F15,500,2501,150040,5.001333333,1923,4505,473,0,0,84,19.6,87,8.15,19.5,,,,9,3,0,0,0,117,12,0,3,0,4032,132,0,5.002666667,150080,TRUE,1.428571429,1.502379066,5,150080,27-30,400,0,0,0,0,0,0,0,0,0,237,71,20.04276667,3727.077686,5338.582113
F15,30,Seq1,Seq1_30DPH_F15,500,2501,150040,5.001333333,1857,4223,400,0,0,101.5,20.9,100,8.1,21.3,,,,7,6,0,0,0,85,14,4,0,0,3823,99,0,5.002666667,150080,TRUE,1.047619048,1.160869953,4,150080,27-30,400,2,0,0,0,0,0,0,0,0,158,71,22.16896667,3485.618294,8066.458556
F15,30,Seq2,Seq2_30DPH_F15,500,2501,150040,5.001333333,2149,5355,565,0,0,101.5,20.9,100,8.1,21.3,,,,45,1,1,0,0,228,46,4,5,0,4790,281,0,5.002666667,150080,TRUE,1.761904762,1.04425868,4,150080,27-30,400,3,2,3,3,0,1,0,1,4,379,71,19.72343333,4258.036727,6028.112873
F18,11,Seq1,Seq1_11DPH_F18,500,2501,150040,5.001333333,2501,30364,9026,0,195,0,19,105,8.06,19.1,,,,209,61,52,151,0,129,371,0,0,0,1202,500,0,0.150666667,4520,FALSE,9.428571429,2.580143961,15,4520,06-Nov,400,0,0,0,0,0,0,0,0,0,505,51,19.99303333,17659.02891,13197.77403
F18,9,Seq1,Seq1_09DPH_F18,500,2501,150040,5.001333333,1564,2680,114,0,254,0,19.5,95,8.17,19.6,,,,2,4,1,48,0,379,117,2,2,0,1496,500,0,2.570666667,77120,FALSE,1.095238095,1.300183137,4,77120,06-Nov,400,0,0,0,0,0,0,2,2,2,509,51,20.25093333,2329.924348,2994.004347
F16,8,Seq2,Seq2_08DPH_F16,500,2501,150040,5.001333333,2427,10054,1173,0,40,0,18.9,106,8.2,18.6,,,,16,8,16,1,0,440,60,0,0,0,3510,500,0,1.666666667,50000,FALSE,3.380952381,1.499206139,6,50000,06-Nov,400,0,0,0,0,0,0,0,0,0,555,21,20.21166667,8743.940548,8207.258002
F17,9,Seq2,Seq2_09DPH_F17,500,2501,150040,5.001333333,2188,3165,274,0,252,0,19,91,8.22,19.1,,,,11,0,4,24,0,180,48,1,0,0,2894,229,0,5.004666667,150140,FALSE,1.19047619,0.601585208,2,150140,06-Nov,400,0,0,0,0,1,0,0,1,1,235,41,30.0028,2942.909141,3829.973667
F17,11,Seq1,Seq1_11DPH_F17,500,2501,150040,5.001333333,1816,3081,164,0,254,0,19.1,97,8.16,19.3,0.013749361,0.009475982,0.016698464,27,5,5,34,0,251,90,0,3,0,2918,344,0,5.004666667,150140,FALSE,1.047619048,0.973457265,3,150140,06-Nov,400,0,0,0,0,0,0,0,0,0,362,41,18.65543333,2693.977103,3565.498221
F10,8,Seq1,Seq1_08DPH_F10,290,1451,87040,5.002298851,239,281,12,0,168,0,20.1,97,8.23,20.2,0.012425671,0.006945473,0.014235051,1,0,0,0,0,30,1,1,0,0,269,32,0,5.004597701,87080,TRUE,0.19047619,0.402373908,1,87080,06-Nov,400,0,0,0,0,1,0,0,1,1,34,101,30.19229885,589.4279165,3225.493104
F14,10,Seq1,Seq1_10DPH_F14,544,2721,163240,5.00122549,1243,1721,77,0,400,0,19,90,8.18,19,,,,0,0,0,2,0,100,2,1,0,0,1644,103,0,5.00245098,163280,TRUE,0.619047619,0.804747816,3,163280,06-Nov,400,0,0,0,0,0,0,1,1,1,111,61,10.01660539,2661.142039,3072.776758
F14,10,Seq3,Seq3_10DPH_F14,544,2721,163240,5.00122549,840,1063,58,0,400,0,19,90,8.18,19,,,,0,1,0,0,0,34,1,0,0,6,1005,41,0.146341463,5.00245098,163280,TRUE,0.571428571,0.810643483,3,163280,06-Nov,400,1,0,0,0,0,0,0,0,0,44,61,11.36360294,1763.259603,2194.104138
F06,11,Seq1,Seq1_11DPH_F06,643,3216,192940,5.001036807,687,848,55,0,284,0,20.2,92,8.15,20.1,0.011735379,0.009524307,0.015113935,0,3,0,0,0,1,4,0,0,0,793,5,0,5.002073613,192980,TRUE,0.19047619,0.511766316,2,192980,06-Nov,400,0,0,0,0,0,0,0,0,0,10,61,31.1188958,1473.907372,2448.231138
F03,11,Seq1,Seq1_11DPH_F03,750,3751,225040,5.000888889,3276,8365,764,0,247,,18.9,94,8.13,,,,,0,0,0,0,0,323,0,0,0,0,7601,323,0,5.001777778,225080,TRUE,1.952380952,1.716863142,6,225080,06-Nov,400,0,0,0,0,0,0,0,0,0,469,81,20.00131111,9084.699191,8429.464571
F09,6,Seq1,Seq1_06DPH_F09,500,2501,150040,5.001333333,2391,7006,544,0,185,0,21.2,111,8.080340909,,0.019556697,0.007457248,0.02093023,1,0,4,0,0,169,4,0,0,2,6462,175,0.011428571,5.002666667,150080,TRUE,2.571428571,1.567527626,6,150080,06-Nov,400,0,0,0,0,0,0,0,0,0,208,81,36.5842,6980.936305,15240.53918
F09,10,Seq1,Seq1_10DPH_F09,500,2501,150040,5.001333333,1084,1574,112,0,65,0,21.1,120,8.12,21,0.014435803,0.006535978,0.015846485,0,1,0,0,0,19,1,0,0,0,1462,20,0,5.002666667,150080,TRUE,0.619047619,0.864649668,3,150080,06-Nov,400,0,0,0,0,0,0,0,0,0,35,81,34.26086667,2367.460337,3044.631987
F09,12,Seq1,Seq1_12DPH_F09,500,2501,150040,5.001333333,151,168,9,0,295,0,20.9,97,8.14,20.7,0.012229402,0.005831944,0.013548788,0,0,0,0,0,0,0,0,0,0,159,0,,5.002666667,150080,TRUE,0.142857143,0.358568583,1,150080,Dec-20,400,0,0,0,0,0,0,0,0,0,0,81,40.80016667,444.0877597,1379.651443
F18,22,Seq1,Seq1_22DPH_F18,500,2501,150040,5.001333333,2198,7376,1584,98000,378,37,20.3,68,8.03,20.1,,,,329,49,5,1,0,94,400,5,0,1,2601,500,0.002,1.454666667,43640,FALSE,4.214285714,2.006856379,8,141640,21-26,400,0,0,0,0,4,1,0,5,5,540,51,19.99906667,8482.779426,5238.495274
F17,13,Seq1,Seq1_13DPH_F17,500,2501,150040,5.001333333,1789,3237,137,0,195,0,19,108,8.13,18.9,,,,10,1,3,5,0,205,35,1,0,0,3100,246,0,5.002666667,150080,FALSE,1.19047619,0.980767435,3,150080,Dec-20,400,0,0,0,0,1,0,0,1,1,277,41,20.029,2763.271832,5032.505455
F17,18,Seq1,Seq1_18DPH_F17,500,2501,150040,5.001333333,2498,12095,1555,0,260,0,20,85,7.88,19.9,0.018095824,0.039435647,0.043389164,344,51,3,1,0,97,372,2,27,2,6552,500,0.004,3.078666667,92360,FALSE,3.80952381,1.249761882,6,92360,Dec-20,400,0,0,0,0,2,0,0,2,2,806,41,9.5249,7197.566059,9286.854243
F04,14,Seq1,Seq1_14DPH_F04,242,1211,72640,5.002754821,1084,2811,251,0,171,1.65,19.8,89,8.1,19.8,,,,1,1,0,0,0,282,15,2,2,0,2560,301,0,5.005509642,72680,TRUE,2.714285714,1.521277659,7,72680,Dec-20,400,0,0,0,0,0,1,2,3,3,1055,101,30.05909091,3019.17818,3057.070599
F19,18,Seq1,Seq1_18DPH_F19,500,2501,150040,5.001333333,1758,3793,292,0,300,,20.4,100,7.98,20.02,,,,230,13,13,6,3,159,279,3,2,57,1969,500,0.114,1.886666667,56600,FALSE,1.238095238,1.670471847,7,56600,Dec-20,400,0,0,0,0,2,0,1,3,3,518,31,20.01106667,4790.905906,5159.552922
F18,18,Seq2,Seq2_18DPH_F18,500,2501,150040,5.001333333,1098,1632,49,0,253,,20.1,90,8,20.2,0.010738074,0.003848532,0.011406899,33,4,2,1,0,165,37,1,2,0,1583,205,0,5.002666667,150080,FALSE,0.619047619,0.864649668,3,150080,Dec-20,400,0,0,0,0,0,0,1,1,1,219,51,20.0263,3660.687558,3316.684813
F17,13,Seq2,Seq2_13DPH_F17,500,2501,150040,5.001333333,1694,2652,113,0,195,0,19,108,8.13,18.9,,,,15,2,6,1,0,85,34,0,1,0,2539,120,0,5.002666667,150080,FALSE,0.952380952,0.973457265,3,150080,Dec-20,400,0,0,0,0,0,0,0,0,0,160,41,20.00966667,2415.922561,4302.776399
F18,16,Seq1,Seq1_16DPH_F18,500,2501,150040,5.001333333,2486,8439,1526,54000,260,8.4,19.7,93,8.13,19.6,,,,25,3,2,1,0,47,47,0,3,0,7810,97,0,5.004666667,150140,FALSE,3.6875,2.868652413,11,204140,Dec-20,400,0,0,0,0,0,0,0,0,0,178,51,20.59006667,7871.169472,5652.252217
F17,18,Seq2,Seq2_18DPH_F17,500,2501,150040,5.001333333,2500,10347,963,0,260,0,20,85,7.88,19.9,0.018095824,0.039435647,0.043389164,305,27,7,0,0,137,332,0,30,1,5287,500,0.002,2.970666667,89120,FALSE,3.523809524,1.030487633,5,89120,Dec-20,400,0,0,0,0,0,0,0,0,0,647,41,15.0065,6398.491619,8082.933747
F17,20,Seq1,Seq1_20DPH_F17,500,2501,150040,5.001333333,1309,2047,243,0,370,0,20,93,7.99,20.1,0.016148558,0.006954664,0.017582462,177,10,1,8,0,131,212,2,7,0,1804,356,0,5.002666667,150080,FALSE,0.523809524,0.679635757,2,150080,Dec-20,400,0,0,0,0,2,0,0,2,2,411,41,20.1762,1897.925365,3649.220314
F02,13,Seq2,Seq2_13DPH_F02,850,4251,255040,5.000784314,3308,6517,586,0,240,0,18.7,100,8.080340909,,,,,0,0,0,0,0,2,1,2,0,0,5931,5,0,5.001568627,255080,TRUE,1.714285714,1.23056317,4,255080,Dec-20,400,0,0,0,0,0,1,1,2,2,63,41,7.013372549,8308.945419,6573.972848
F16,14,Seq2,Seq2_14DPH_F16,500,2501,150040,5.001333333,1219,1904,104,0,250,1.1,19,92,8.28,19.3,,,,45,8,2,5,0,80,66,3,0,0,1800,149,0,5.002666667,150080,FALSE,0.666666667,0.856348839,3,150080,Dec-20,400,0,0,0,0,2,0,0,2,2,191,21,21.15316667,2859.959554,2723.021118
F16,16,Seq2,Seq2_16DPH_F16,500,2501,150040,5.001333333,396,478,19,0,220,6.9,19.8,98,8.13,19.7,,,,12,1,2,0,0,27,16,1,0,0,459,44,0,5.002666667,150080,FALSE,0.285714286,0.46291005,1,150080,Dec-20,400,0,0,0,0,0,0,1,1,1,52,21,19.80963333,996.0100012,1154.931847
F11,19,Seq1,Seq1_19DPH_F11,500,2501,150040,5.001333333,904,1225,70,0,289,14.85,20.7,86,8.080340909,,,,,16,1,0,0,0,42,17,0,2,0,1155,61,0,5.002666667,150080,TRUE,0.428571429,0.597614305,2,150080,Dec-20,400,0,0,0,0,0,0,0,0,0,72,81,5.6334,2100.865031,3136.740831
F02,19,Seq3,Seq3_19DPH_F02,748,3741,224440,5.000891266,1236,1535,67,0,0,30,20.2,93,8.080340909,,,,,16,3,1,0,0,14,20,0,0,0,1468,34,0,5.001782531,224480,TRUE,0.476190476,0.601585208,2,224480,Dec-20,400,0,0,0,0,0,0,0,0,0,72,41,5.665909091,2886.224264,2623.498624
F04,13,Seq1,Seq1_13DPH_F04,226,1131,67840,5.002949853,997,2942,284,0,145,,19.9,89,8.11,19.8,,,,4,3,0,0,0,314,8,1,0,1,2658,324,0.00308642,5.005899705,67880,TRUE,2.80952381,1.990453406,8,67880,Dec-20,400,0,0,0,0,1,0,0,1,1,814,101,19.99977876,3002.043317,2998.915653
F13,20,Seq1,Seq1_20DPH_F13,500,2501,150040,5.001333333,1784,3785,238,0,378,36,20,82,8.01,19.9,,,,24,1,0,1,0,431,25,0,1,1,3547,458,0.002183406,5.002666667,150080,TRUE,2.047619048,1.596126263,6,150080,Dec-20,400,0,0,0,0,0,0,0,0,0,502,81,21.07706667,4602.181326,4451.305065
F06,19,Seq1,Seq1_19DPH_F06,500,2501,150040,5.001333333,186,201,12,0,316,1.78,21.4,90,8.05,20.9,0.01354811,0.006189929,0.01489518,0,0,0,0,0,6,0,0,0,0,189,6,0,5.002666667,150080,TRUE,0.095238095,0.300792604,1,150080,Dec-20,400,0,0,0,0,0,0,0,0,0,7,61,49.90773333,585.077785,1399.573557
F06,20,Seq1,Seq1_20DPH_F06,500,2501,150040,5.001333333,1449,3496,333,0,310,2.5,21.3,113,8.16,21.1,0.0145902,0.012405382,0.019151158,2,0,0,0,0,34,2,0,0,1,3163,37,0.027027027,5.002666667,150080,TRUE,0.857142857,2.151411497,10,150080,Dec-20,400,0,0,0,0,0,0,0,0,0,44,61,60.19616667,3986.893278,10101.94975
F06,21,Seq2,Seq2_21DPH_F06,500,2501,150040,5.001333333,2083,4725,332,0,430,32.4,21.3,103,8.11,21.1,0.011589935,0.005241815,0.012720183,2,0,0,0,0,50,2,0,0,0,4393,52,0,5.002666667,150080,TRUE,2.142857143,1.8516402,7,150080,21-26,400,0,0,0,0,0,0,0,0,0,60,61,18.00463333,5615.290374,5597.173738
F04,21,Seq1,Seq1_21DPH_F04,217,1086,65140,5.003072197,569,812,43,0,420,28,21,90,8.04,21,,,,0,0,0,0,0,22,0,0,0,0,769,22,0,5.006144393,65180,TRUE,1.095238095,0.768424486,3,65180,21-26,400,0,0,0,0,0,0,0,0,0,93,101,41.91029186,1315.816736,1545.625951
F02,16,Seq1,Seq1_16DPH_F02,500,2501,150040,5.001333333,2447,4269,210,0,195,6,19.5,99,8.080340909,,,,,3,2,1,0,0,79,4,0,0,0,4059,83,0,5.002666667,150080,TRUE,2,0.948683298,4,150080,Dec-20,400,0,0,0,0,0,0,0,0,0,121,41,19.99836667,5723.740557,6484.049149
F02,20,Seq3,Seq3_20DPH_F02,750,3380,202780,4.506222222,2467,4375,259,0,0,24,20.2,90,8.080340909,,,,,0,0,0,0,0,17,0,0,0,0,4116,17,0,4.507111111,202820,TRUE,1.285714286,1.189237451,4,202820,Dec-20,400,1,0,1,1,0,0,0,0,1,50,41,4.507511111,5818.162939,6222.443017
F11,19,Seq3,Seq3_19DPH_F11,500,1751,105040,3.501333333,1318,3429,443,0,289,14.85,20.7,86,8.080340909,,,,,0,0,0,0,0,54,0,0,0,0,4458,54,0,5.002666667,150080,TRUE,1.904761905,1.813966976,7,150080,Dec-20,400,0,0,0,0,0,0,0,0,0,86,81,15.4044,5564.050016,3787.401888
F16,27,Seq3,Seq3_27DPH_F16,500,2501,150040,5.001333333,1698,2926,164,0,0,87.5,20.1,107,7.9,20.5,,,,63,4,1,0,1,69,75,3,2,8,2762,157,0.050955414,5.002666667,150080,FALSE,1.095238095,0.94365046,4,150080,27-30,400,0,0,0,0,0,0,1,1,1,196,21,19.91833333,3935.067032,4252.637156
F19,27,Seq1,Seq1_27DPH_F19,500,2501,150040,5.001333333,2500,11727,1434,0,0,75.6,20.3,101,8.1,20.2,,,,220,13,10,0,37,168,299,2,11,20,4760,500,0.04,2.594666667,77840,FALSE,4.19047619,1.833549771,7,77840,27-30,400,0,0,0,0,0,1,2,3,3,555,31,20.0239,9641.708381,11989.60304
F16,23,Seq1,Seq1_23DPH_F16,500,2501,150040,5.001333333,2501,20341,2513,0,345,48.6,19.9,100,8.01,19.8,,,,329,19,22,0,0,130,362,4,4,0,8113,500,0,2.216666667,66500,FALSE,8,1.549193338,11,66500,21-26,400,0,0,0,0,3,0,0,3,3,572,21,12.11866667,14052.0747,9687.896887
F17,26,Seq1,Seq1_26DPH_F17,500,2501,150040,5.001333333,2497,7589,477,0,0,72.45,20.3,85,8.02,20.3,0.012695368,0.005762856,0.01394212,107,25,2,1,0,274,158,0,2,66,3000,500,0.132,2.134666667,64040,FALSE,2.857142857,1.651838802,8,64040,21-26,400,0,0,0,0,0,0,0,0,0,544,41,20.01673333,4925.976719,7487.124388
F19,25,Seq1,Seq1_25DPH_F19,500,2501,150040,5.001333333,2462,12703,2029,0,0,87.5,20.6,102,8.08,20.1,,,,396,20,6,1,39,56,431,3,10,0,9615,500,0,4.478666667,134360,FALSE,4.238095238,2.165750722,9,134360,21-26,400,0,0,0,0,3,0,0,3,3,598,31,22.87493333,10251.22814,9021.693101
F11,26,Seq2,Seq2_26DPH_F11,500,2501,150040,5.001333333,2410,9520,954,0,0,72.8,20.4,94,8.11,21,,,,215,6,6,0,51,288,222,0,23,1,8566,534,0.001872659,5.002666667,150080,TRUE,3.857142857,1.8516402,8,150080,21-26,400,0,0,0,0,0,0,0,0,0,569,81,19.86826667,9344.020582,9275.768361
F16,29,Seq1,Seq1_29DPH_F16,500,2501,150040,5.001333333,2491,8237,677,0,0,103.95,21.3,107,8.01,21.3,,,,38,0,2,0,3,347,71,1,0,81,4227,500,0.162,2.768666667,83060,FALSE,2.285714286,1.007117528,4,83060,27-30,400,0,0,0,0,0,0,1,1,1,577,21,22.57946667,7831.456657,7932.760041
F10,24,Seq3,Seq3_24DPH_F10,500,2501,150040,5.001333333,1442,3678,277,0,0,70,20.5,89,8.15,20.3,,,,41,1,2,0,1,150,47,1,1,182,3401,381,0.477690289,5.002666667,150080,TRUE,1.095238095,0.94365046,3,150080,21-26,400,0,0,0,0,1,0,0,1,1,435,101,8.615466667,4079.1126,4536.717515
F18,24,Seq1,Seq1_24DPH_F18,500,2501,150040,5.001333333,1878,5175,436,0,0,56.35,20.4,93,8.02,20.3,,,,114,17,9,0,6,331,166,0,0,0,4739,497,0,5.002666667,150080,FALSE,2.238095238,1.841324575,6,150080,21-26,400,0,0,0,0,0,0,0,0,0,584,51,6.111266667,4736.469811,5418.730975
F15,28,Seq1,Seq1_28DPH_F15,500,2501,150040,5.001333333,2373,9549,1443,0,0,84,19.6,87,8.15,19.5,,,,70,11,1,0,0,124,71,2,7,0,8106,204,0,5.002666667,150080,TRUE,2.857142857,1.982062418,7,150080,27-30,400,2,1,0,1,1,0,0,1,2,335,71,20.16246667,6211.609319,5339.248115
F16,27,Seq1,Seq1_27DPH_F16,500,2501,150040,5.001333333,2444,10888,1485,0,0,87.5,20.1,107,7.9,20.5,,,,196,24,9,0,1,238,261,1,0,0,2404,500,0,1.196666667,35900,FALSE,3.571428571,1.567527626,6,35900,27-30,400,0,0,0,0,1,0,0,1,1,540,21,5.110333333,9121.013551,8423.761202
F03,23,Seq1,Seq1_23DPH_F03,750,3751,225040,5.000888889,1262,1546,102,0,370,46.5,21.1,91.85294118,7.85,,,,,0,0,0,0,0,4,1,2,0,0,1444,7,0,5.001777778,225080,TRUE,0.333333333,0.483045892,1,225080,21-26,400,0,0,0,0,0,1,1,2,2,11,81,13.77453333,2801.972247,3790.939149
F16,29,Seq3,Seq3_29DPH_F16,500,2501,150040,5.001333333,2499,6759,356,0,0,103.95,21.3,107,8.01,21.3,,,,64,8,1,0,5,274,92,0,0,134,6071,500,0.268,4.756666667,142700,FALSE,2.619047619,1.499206139,6,142700,27-30,400,0,0,0,0,0,0,0,0,0,611,21,19.25863333,7014.903956,6707.595641
F02,30,Seq3,Seq3_30DPH_F02,746,3731,223840,5.000893655,747,843,61,0,0,110.6,22,75,8.080340909,,,,,10,0,1,0,0,0,12,2,1,0,782,15,0,5.00178731,223880,TRUE,0.285714286,0.643650304,2,223880,27-30,400,2,2,2,2,0,0,0,0,2,38,41,5.643610366,1652.287699,1948.961137
F16,27,Seq2,Seq2_27DPH_F16,500,2501,150040,5.001333333,2329,7366,785,0,0,87.5,20.1,107,7.9,20.5,,,,195,19,4,0,0,244,253,1,2,0,2492,500,0,1.942666667,58280,FALSE,2.238095238,1.578124263,5,58280,27-30,400,0,0,0,0,1,0,0,1,1,539,21,13.8444,7150.271803,10303.02702
F12,23,Seq2,Seq2_23DPH_F12,500,2501,150040,5.001333333,1970,9611,1810,0,325,48.6,19.5,88,8.16,19.7,,,,3,0,0,0,0,479,10,2,0,9,2743,500,0.018,2.312666667,69380,TRUE,3.142857143,1.8516402,8,69380,21-26,400,0,0,0,0,1,0,1,2,2,516,101,11.60696667,7877.294587,5688.577231
F16,23,Seq2,Seq2_23DPH_F16,500,2501,150040,5.001333333,2498,15429,1913,0,345,48.6,19.9,100,8.01,19.8,,,,258,24,24,0,0,185,314,1,0,0,4539,500,0,1.684666667,50540,FALSE,5.666666667,2.12916259,11,50540,21-26,400,0,0,0,0,1,0,0,1,1,534,21,19.9903,11561.76912,9021.555137
F08,25,Seq1,Seq1_25DPH_F08,500,2501,150040,5.001333333,923,1480,107,0,0,53.9,21.2,93,8.06,21.3,0.025936457,0.032921766,0.041911064,11,0,0,0,0,48,10,1,1,11,1373,71,0.154929577,5.002666667,150080,FALSE,0.619047619,0.973457265,4,150080,21-26,400,0,0,0,0,1,0,0,1,1,92,61,47.0519,2157.872378,2920.890201
F08,24,Seq1,Seq1_24DPH_F08,500,2501,150040,5.001333333,1710,3085,255,0,0,45.5,21.3,93,8.09,21.1,0.013452729,0.008258892,0.01578559,32,1,2,0,0,60,32,0,3,2,2830,97,0.020618557,5.002666667,150080,FALSE,0.904761905,1.04425868,3,150080,21-26,400,0,0,0,0,0,1,0,1,1,157,61,49.55903333,4239.383795,4575.177269
F05,29,Seq2,Seq2_29DPH_F05,750,2412,144700,3.215555556,639,754,29,0,0,126,22.1,87,8.01,21.8,,,,0,0,0,0,0,3,0,1,1,0,725,5,0,3.216444444,144740,TRUE,0.380952381,0.589592272,2,144740,27-30,400,0,0,0,0,1,1,0,2,2,11,41,3.217266667,1446.472773,1527.496108
F11,27,Seq3,Seq3_27DPH_F11,500,2501,150040,5.001333333,1188,1792,58,0,0,79.8,20.4,77,8.080340909,,,,,7,1,1,0,1,84,7,0,2,0,1734,93,0,5.002666667,150080,TRUE,0.952380952,1.116968687,3,150080,27-30,400,0,0,0,0,0,0,0,0,0,122,81,17.5385,3058.818857,4199.657324
F12,27,Seq1,Seq1_27DPH_F12,500,2501,150040,5.001333333,2370,7576,700,0,0,96.25,19.7,75,8.080340909,,,,,3,0,2,0,5,447,17,1,3,0,6876,468,0,5.002666667,150080,TRUE,3,2.024845673,6,150080,27-30,400,0,0,0,0,0,1,1,2,2,609,101,20.00523333,7222.256987,5285.961815
F11,27,Seq1,Seq1_27DPH_F11,500,2501,150040,5.001333333,549,701,31,0,0,79.8,20.4,77,8.080340909,,,,,15,0,0,0,7,3,19,0,0,0,670,22,0,5.002666667,150080,TRUE,0.380952381,0.74001287,3,150080,27-30,400,0,0,0,0,0,0,0,0,0,31,81,17.5385,1485.629022,2161.478166
F18,28,Seq2,Seq2_28DPH_F18,500,2501,150040,5.001333333,803,1008,20,0,0,89.25,20.5,77,7.99,20.3,,,,6,0,1,0,19,32,40,1,1,0,988,74,0,5.002666667,150080,FALSE,0.523809524,0.601585208,2,150080,27-30,400,0,0,0,0,0,0,1,1,1,88,51,22.98886667,1504.55638,2049.397921
F05,25,Seq1,Seq1_25DPH_F05,750,3751,225040,5.000888889,3126,11448,1280,0,0,75.6,21.2,80,8.03,21.2,,,,0,0,1,0,0,272,1,1,0,12,10168,286,0.041958042,5.001777778,225080,TRUE,2.857142857,2.031888636,6,225080,21-26,400,0,0,0,0,1,1,0,2,2,364,41,30.36708889,10459.6889,8220.303102
F13,30,Seq2,Seq2_30DPH_F13,500,2501,150040,5.001333333,1596,2853,180,0,0,112.8,21.3,108,8.1,21.3,,,,2,1,0,0,1,46,4,0,0,0,2673,50,0,5.002666667,150080,TRUE,1.19047619,1.123345344,4,150080,27-30,400,0,0,0,0,0,0,0,0,0,85,81,20.60843333,3797.524112,3513.6389
F15,23,Seq3,Seq3_23DPH_F15,500,2501,150040,5.001333333,2314,7127,824,0,377,50.4,20,80,8.03,19.7,,,,45,14,2,0,0,397,54,0,5,0,6303,456,0,5.002666667,150080,TRUE,2.476190476,1.470341716,5,150080,21-26,400,0,0,0,0,0,5,0,5,5,643,71,9.778566667,5379.737378,4335.684309
F04,27,Seq1,Seq1_27DPH_F04,750,3751,225040,5.000888889,2023,4110,448,0,,103.6,21.2,94,7.99,21.1,,,,0,1,0,0,0,52,4,0,0,16,3662,72,0.222222222,5.001777778,225080,TRUE,0.952380952,0.74001287,2,225080,27-30,400,0,0,0,0,0,0,0,0,0,78,101,33.7956,5303.816969,6562.287497
F11,23,Seq1,Seq1_23DPH_F11,500,2501,150040,5.001333333,1509,2894,287,0,100,14.21,23,76,7.88,21,,,,11,2,0,0,0,6,11,0,1,0,2607,18,0,5.002666667,150080,TRUE,1,1.264911064,4,150080,21-26,400,0,0,0,0,0,0,0,0,0,100,81,15.003,3684.95247,4154.427537
F11,23,Seq2,Seq2_23DPH_F11,500,2501,150040,5.001333333,2426,8484,1001,0,100,14.21,23,76,7.88,21,,,,10,1,0,0,0,34,9,0,2,0,7483,45,0,5.002666667,150080,TRUE,3.571428571,2.087377028,8,150080,21-26,400,0,0,0,0,0,1,0,1,1,304,81,13.704,8057.042791,7523.617069
F10,24,Seq2,Seq2_24DPH_F10,500,2501,150040,5.001333333,1563,2651,215,0,0,70,20.5,89,8.15,20.3,,,,41,0,1,0,0,165,45,0,7,71,2436,288,0.246527778,5.002666667,150080,TRUE,0.476190476,0.679635757,2,150080,21-26,400,0,0,0,0,0,0,0,0,0,368,101,31.51266667,3757.943716,4218.138154
F02,13,Seq1,Seq1_13DPH_F02,850,4251,255040,,3403,7780,680,0,240,0,18.7,100,7,,,,,2,0,0,0,0,6,2,0,0,0,7100,8,0,5.001568627,255080,TRUE,1.857142857,1.195228609,4,255080,Dec-20,400,0,0,0,0,0,0,0,0,0,104,41,8.581862745,9936.48591,6268.56928
F02,18,Seq1,Seq1_18DPH_F02,500,2501,150040,,2365,7835,749,0,150,17,20.4,92,7,,,,,2,0,0,0,0,175,3,0,0,0,7086,178,0,5.002666667,150080,TRUE,3.333333333,1.712697677,7,150080,Dec-20,400,0,0,0,0,0,0,0,0,0,214,41,20.0027,7892.706629,6765.137331
F02,18,Seq2,Seq2_18DPH_F02,500,2501,150040,,1523,2400,124,0,150,17,20.4,92,7,,,,,0,0,1,0,0,103,2,0,0,0,2276,105,0,5.002666667,150080,TRUE,0.571428571,0.746420027,2,150080,Dec-20,400,0,0,0,0,0,0,0,0,0,113,41,8.293833333,3782.588468,4405.374915
F02,18,Seq3,Seq3_18DPH_F02,750,3751,225040,,2838,5284,300,0,150,17,20.4,92,7,,,,,0,0,0,0,0,35,0,0,0,0,4984,35,0,5.001777778,225080,TRUE,1.333333333,1.354006401,5,225080,Dec-20,400,0,0,0,0,0,1,0,1,1,59,41,13.81817778,7534.476058,4754.261082
F02,19,Seq1,Seq1_19DPH_F02,748,3741,224440,,1450,1985,116,0,0,30,20.2,93,7,,,,,33,0,2,0,0,9,34,0,2,0,1869,45,0,5.001782531,224480,TRUE,0.761904762,0.995226703,4,224480,Dec-20,400,0,0,0,0,0,0,0,0,0,87,41,6.647994652,3725.579991,2913.673504
F02,19,Seq2,Seq2_19DPH_F02,748,3741,224440,,1664,2171,96,0,0,30,20.2,93,7,,,,,21,0,1,0,0,17,21,0,1,0,2075,39,0,5.001782531,224480,TRUE,0.333333333,0.483045892,1,224480,Dec-20,400,0,0,0,0,0,0,0,0,0,95,41,6.023195187,4105.756015,3136.635476
F02,19,Seq4,Seq4_19DPH_F02,748,3741,224440,,1422,1792,82,0,0,30,20.2,93,7,,,,,23,0,0,0,0,14,23,0,0,0,1710,37,0,5.001782531,224480,TRUE,0.285714286,0.46291005,1,224480,Dec-20,400,0,0,0,0,0,0,0,0,0,74,41,5.667959002,3443.219512,2846.113142
F02,20,Seq1,Seq1_20DPH_F02,750,3751,225040,,2424,4194,202,0,0,24,20.2,90,7,,,,,0,0,0,0,0,2,0,0,0,0,3992,2,0,5.001777778,225080,TRUE,1.095238095,1.04425868,4,225080,Dec-20,400,0,0,0,0,0,0,0,0,0,45,41,9.463844444,6315.938826,4071.511563
F02,20,Seq2,Seq2_20DPH_F02,750,3751,225040,,2832,6081,416,0,0,24,20.2,90,7,,,,,0,1,0,0,0,25,1,0,0,0,5665,26,0,5.001777778,225080,TRUE,1.285714286,1.23056317,3,225080,Dec-20,400,0,0,0,0,0,0,0,0,0,104,41,6.002088889,7557.830985,4891.814251
F02,24,Seq1,Seq1_24DPH_F02,750,3751,225040,,817,1012,68,0,0,54,20.6,76,7,,,,,0,0,0,0,0,18,0,0,0,0,944,9,0,5.001777778,225080,TRUE,0.095238095,0.300792604,1,225080,21-26,400,0,0,0,0,0,0,0,0,0,20,41,15.00231111,1864.186962,2026.708421
F02,24,Seq2,Seq2_24DPH_F02,750,3751,225040,,1488,2140,150,0,0,54,20.6,76,7,,,,,0,0,0,0,0,5,0,0,0,0,1990,5,0,5.001777778,225080,TRUE,0.571428571,0.810643483,3,225080,21-26,400,0,0,0,0,0,0,0,0,0,9,41,5.022355556,3290.912897,2885.010558
F02,25,Seq2,Seq2_25DPH_F02,750,1627,97600,,1332,3243,287,0,0,36,20.7,81,7,,,,,1,0,0,0,0,42,1,0,0,0,2956,43,0,2.169777778,97640,TRUE,1.666666667,1.154700538,5,97640,21-26,400,0,0,0,0,0,0,0,0,0,95,41,2.170355556,3591.921252,3117.041858
F02,30,Seq2,Seq2_30DPH_F02,749,3746,224740,,1250,1754,119,0,0,110.6,22,75,7.2,,,,,8,2,1,0,0,5,10,0,0,0,1635,15,0,5.001780151,224780,TRUE,0.428571429,0.597614305,2,224780,27-30,400,0,0,0,0,0,0,0,0,0,58,41,5.847329773,2919.870168,2556.335765
F02,30,Seq4,Seq4_30DPH_F02,750,3751,225040,,743,824,27,0,0,110.6,22,75,7.2,,,,,21,2,0,0,0,7,24,0,0,1,797,32,0.03125,5.001777778,225080,TRUE,0.190476191,0.402373908,1,225080,27-30,400,0,0,0,0,0,0,0,0,0,55,41,5.028333333,1680.088619,1949.400286
F03,13,Seq1,Seq1_13DPH_F03,750,3751,225040,,238,242,4,0,270,,18.9,88,8.13,,,,,0,0,0,0,0,7,0,0,0,0,238,7,0,5.001777778,225080,TRUE,0.047619048,0.21821789,1,225080,Dec-20,400,0,0,0,0,0,0,0,0,0,12,81,19.13468889,729.2465601,2022.134936
F03,18,Seq1,Seq1_18DPH_F03,750,3751,225040,,660,747,22,0,302,12,20.9,,8.01,,,,,1,0,0,0,0,0,1,0,0,0,725,1,0,5.001777778,225080,TRUE,0.238095238,0.538958431,2,225080,Dec-20,400,0,0,0,0,0,0,0,0,0,7,81,20.18624444,1657.656257,2786.071799
F03,27,Seq1,Seq1_27DPH_F03,750,3751,225040,,122,124,1,0,,84,21.5,100,8.03,,,,,0,0,0,0,0,0,0,0,0,0,123,0,,5.001777778,225080,TRUE,0.047619048,0.21821789,1,225080,27-30,400,0,0,0,0,0,0,0,0,0,2,81,30.08084444,600.4306362,1769.363661
F04,17,Seq1,Seq1_17DPH_F04,235,1176,70540,,318,376,16,0,272,2.9,20.6,98,8.03,,,,,0,0,0,0,0,22,0,0,0,0,360,22,0,5.005673759,70580,TRUE,0.428571429,0.810643483,3,70580,Dec-20,400,0,0,0,0,0,0,0,0,0,46,101,9.993617021,727.9094992,1076.358742
F04,17,Seq2,Seq2_17DPH_F04,238,1191,71440,,211,226,1,0,272,2.9,20.6,98,8.03,,,,,0,0,0,0,0,20,0,0,1,0,225,21,0,5.005602241,71480,TRUE,0.142857143,0.358568583,1,71480,Dec-20,400,0,0,0,0,0,0,0,0,0,68,101,30.0140056,507.0849938,897.1654732
F04,18,Seq1,Seq1_18DPH_F04,246,1231,73840,,190,226,9,0,250,14.85,21.2,82,8.07,,,,,0,0,0,0,0,6,0,0,0,0,217,6,0,5.005420054,73880,TRUE,0.190476191,0.402373908,1,73880,Dec-20,400,0,0,0,0,0,0,0,0,0,58,101,19.53563686,432.254981,879.685931
F04,19,Seq1,Seq1_19DPH_F04,230,1151,69040,,280,341,13,0,252,15.6,21.3,81,8.05,,,,,0,0,0,0,0,31,0,0,0,0,328,31,0,5.005797101,69080,TRUE,0.238095238,0.700340054,3,69080,Dec-20,400,0,0,0,0,0,0,0,0,0,49,101,29.73231884,647.8118222,1017.71404
F04,20,Seq1,Seq1_20DPH_F04,249,1246,74740,,689,1059,67,0,429,22.2,21.2,81,8.03,,,,,0,0,0,0,0,41,1,0,0,0,992,42,0,5.005354752,74780,TRUE,0.857142857,0.853563957,2,74780,Dec-20,400,0,0,0,0,0,0,0,0,0,188,101,20.84491299,1562.922248,1854.374741
F04,20,Seq2,Seq2_20DPH_F04,235,1176,70540,,944,1912,123,0,429,22.2,21.2,81,8.03,,,,,0,0,0,0,0,19,0,0,0,0,1789,19,0,5.005673759,70580,TRUE,1.428571429,0.978336781,3,70580,Dec-20,400,0,0,0,0,0,0,0,0,0,176,101,12.46475177,2420.280576,8711.384663
F04,24,Seq1,Seq1_24DPH_F04,213,1066,63940,,166,187,1,0,,80.85,21.3,75,7.93,,,,,0,0,0,0,0,6,0,0,0,1,186,7,0.142857143,5.006259781,63980,TRUE,0,0,0,63980,21-26,400,0,0,0,0,0,1,0,1,1,24,101,30.10884194,387.1612473,747.2448621
F04,25,Seq1,Seq1_25DPH_F04,235,1176,70540,,548,784,56,0,,92.4,21.2,114,7.95,,,,,0,0,0,0,0,70,0,0,0,0,728,70,0,5.005673759,70580,TRUE,0.666666667,0.795822426,2,70580,21-26,400,0,0,0,0,0,3,0,3,3,241,101,30.07744681,1258.054379,1615.987555
F04,26,Seq1,Seq1_26DPH_F04,750,3751,225040,,718,2590,447,0,,90.65,21.1,97,8.02,,,,,0,0,0,0,0,12,0,0,0,23,2143,35,0.657142857,5.001777778,225080,TRUE,0.190476191,0.402373908,1,225080,21-26,400,0,0,0,0,0,0,0,0,0,40,101,15.05708889,2681.568945,3624.497873
F04,28,Seq1,Seq1_28DPH_F04,240,1201,72040,,192,231,16,0,,107.1,21.2,89,7.92,,,,,0,0,0,0,0,6,0,0,0,0,215,6,0,5.005555556,72080,TRUE,0.238095238,0.538958431,2,72080,27-30,400,0,0,0,0,0,0,0,0,0,29,101,30.071875,461.4685276,857.3798769
F04,32,Seq1,Seq1_32DPH_F04,750,3751,225040,,712,879,66,0,,130.5,25.1,91,7.9,,,,,0,0,0,0,0,2,0,1,0,0,813,1,0,5.001777778,225080,TRUE,0.190476191,0.402373908,1,225080,27-30,400,1,0,0,0,0,0,0,0,0,18,101,26.88217778,1430.300911,2925.903209
F05,24,Seq2,Seq2_24DPH_F05,406,2031,121840,,1499,3173,227,0,0,67.2,21.1,83,8,,,,,0,0,0,0,0,69,0,0,0,0,2946,69,0,5.003284072,121880,TRUE,1.333333333,1.197219,4,121880,21-26,400,0,0,0,0,0,0,0,0,0,79,41,28.50845649,4015.521788,3383.723557
F05,29,Seq1,Seq1_29DPH_F05,750,3751,225040,,715,2050,276,0,0,126,22.1,87,8.01,,,,,0,0,0,0,0,0,0,0,0,1,1774,1,1,5.001777778,225080,TRUE,0.238095238,0.538958431,2,225080,27-30,400,0,0,0,0,0,0,0,0,0,2,41,10.46535556,2365.2859,2212.511402
F05,30,Seq1,Seq1_30DPH_F05,750,3751,225040,,879,1118,72,0,0,136.8,23.4,83,7.99,,,,,0,0,0,0,0,2,0,0,0,0,1046,2,0,5.001777778,225080,TRUE,0.190476191,0.511766316,2,225080,27-30,400,0,0,0,0,0,0,0,0,0,5,41,30.70784444,2158.215481,2260.409261
F06,12,Seq1,Seq1_12DPH_F06,628,3141,188440,,300,1131,99,0,209,0,20.2,91,8.02,,0.011913135,0.008023134,0.014362894,0,0,0,0,0,0,0,0,0,0,1032,0,,5.002123142,188480,TRUE,0.857142857,2.593949003,10,188480,Dec-20,400,0,0,0,0,0,0,0,0,0,19,61,30.19495754,1226.787967,2150.891486
F06,13,Seq1,Seq1_13DPH_F06,500,2501,150040,,108,691,17,0,278,0,20.1,106,8.19,,0.024990778,0.020075518,0.032058073,2,0,0,0,0,22,13,0,0,0,293,35,0,9.539133333,286174,TRUE,0.166666667,0.389249472,1,286174,Dec-20,400,0,0,0,0,0,0,0,0,0,45,61,21.95803333,983.6899614,1467.369816
F06,14,Seq1,Seq1_14DPH_F06,500,2501,150040,,238,1520,121,0,276,1.0125,20.2,88,8.18,,0.015867909,0.011557197,0.019630561,0,0,0,0,0,5,0,0,0,18,1399,23,0.782608696,5.002666667,150080,TRUE,1.952380952,6.003966943,20,150080,Dec-20,400,0,0,0,0,0,0,0,0,0,29,61,6.858466667,1421.783674,1973.745901
F06,14,Seq2,Seq2_14DPH_F06,500,23,1360,,0,0,0,0,276,1.0125,20.2,88,8.18,,0.015867909,0.011557197,0.019630561,0,0,0,0,0,0,0,0,0,0,0,0,,0.046666667,1400,TRUE,0,0,0,1400,Dec-20,400,0,0,0,0,0,0,0,0,0,0,61,0.048266667,7.150734901,8.560786247
F06,14,Seq3,Seq3_14DPH_F06,500,2501,150040,,40,41,1,0,276,1.0125,20.2,88,8.18,,0.015867909,0.011557197,0.019630561,0,0,0,0,0,2,0,0,0,4,40,6,0.666666667,5.002666667,150080,TRUE,0.095238095,0.300792604,1,150080,Dec-20,400,0,0,0,0,0,0,0,0,0,9,61,32.66356667,405.577775,1308.223985
F06,17,Seq1,Seq1_17DPH_F06,500,2501,150040,,550,627,19,0,300,8.4,21.1,88,8.17,,0.012288935,0.004551863,0.013179324,4,0,0,0,0,17,3,0,1,0,608,21,0,5.002666667,150080,TRUE,0.190476191,0.511766316,2,150080,Dec-20,400,0,0,0,0,0,0,0,0,0,26,61,30.257,1456.976475,1997.614443
F06,18,Seq1,Seq1_18DPH_F06,500,2501,150040,,999,1276,55,0,300,2.4,21.6,,8.1,,0.008964504,0.006726129,0.011207266,1,0,0,0,0,17,1,0,0,0,1221,18,0,5.002666667,150080,TRUE,0.761904762,0.700340054,2,150080,Dec-20,400,0,0,0,0,0,0,0,0,0,29,61,32.98843333,2592.690857,2874.260268
F06,21,Seq1,Seq1_21DPH_F06,500,2501,150040,,1624,2706,155,0,430,32.4,21.3,103,8.11,,0.011589935,0.005241815,0.012720183,2,0,0,0,0,36,2,0,0,0,2551,38,0,5.002666667,150080,TRUE,0.952380952,0.864649668,3,150080,21-26,400,0,0,0,0,0,0,0,0,0,41,61,18.00463333,6515.318964,6031.743278
F06,28,Seq1,Seq1_28DPH_F06,500,2501,150040,,79,82,3,0,0,88.2,21.3,108,8.01,,0.009683341,0.004935492,0.010868581,0,0,0,0,0,4,2,0,0,0,79,3,0,5.002666667,150080,TRUE,0.047619048,0.21821789,1,150080,27-30,400,0,0,0,0,0,0,0,0,0,3,61,45.0554,446.1422758,836.936852
F07,5,Seq1,Seq1_05DPH_F07,500,2501,150040,,688,981,46,0,218,0,20.2,109,8.24,,0.025486744,0.009419782,0.027171778,0,0,0,0,0,41,0,0,0,0,935,41,0,5.002666667,150080,FALSE,0.285714286,0.560611911,2,150080,06-Nov,400,0,0,0,0,0,0,0,0,0,44,41,22.20773333,1695.588167,2425.28131
F07,8,Seq1,Seq1_08DPH_F07,500,2501,150040,,456,1741,230,0,264,0,20.3,97,8.24,,,,,0,0,0,0,0,15,0,0,0,139,1511,154,0.896774194,5.002666667,150080,FALSE,0.095238095,0.300792604,1,150080,06-Nov,400,0,0,0,0,0,0,0,0,0,157,41,63.35086667,1761.8616,3247.728617
F07,9,Seq1,Seq1_09DPH_F07,500,2501,150040,,468,582,22,0,290,0,20.3,96,8.22,,0.012226687,0.006147398,0.013727149,0,0,0,0,0,18,0,0,0,0,560,18,0,5.002666667,150080,FALSE,0.190476191,0.511766316,2,150080,06-Nov,400,0,0,0,0,0,0,0,0,0,37,41,45.71323333,1109.325071,1933.721683
F07,10,Seq1,Seq1_10DPH_F07,500,2501,150040,,150,157,4,0,253,0,20.3,113,8.22,,0.035032637,0.074979034,0.08275939,0,0,0,0,0,0,0,0,0,0,153,0,,5.002666667,150080,FALSE,0.095238095,0.300792604,1,150080,06-Nov,400,0,0,0,0,0,0,0,0,0,8,41,49.58413333,489.2433858,1463.028359
F07,11,Seq1,Seq1_11DPH_F07,500,2501,150040,,645,849,31,0,250,0,20.4,97,8.22,,0.01133202,0.005885158,0.012769088,0,0,0,0,0,15,0,0,0,0,818,15,0,5.002666667,150080,FALSE,0.333333333,0.577350269,2,150080,06-Nov,400,0,0,0,0,0,0,0,0,0,31,41,29.29756667,1560.292524,2364.229593
F07,11,Seq2,Seq2_11DPH_F07,500,2501,150040,,681,924,37,0,250,0,20.4,97,8.22,,0.01133202,0.005885158,0.012769088,0,1,0,0,0,19,1,0,0,0,887,20,0,5.002666667,150080,FALSE,0.238095238,0.538958431,2,150080,06-Nov,400,0,0,0,0,0,0,0,0,0,36,41,20.20586667,1650.261972,2380.306662
F07,12,Seq1,Seq1_12DPH_F07,500,2501,150040,,1058,2249,202,0,304,0,20.3,93,8.24,,0.012387192,0.006577797,0.014025326,1,0,0,0,0,56,3,0,1,5,2047,65,0.068493151,5.002666667,150080,FALSE,1.238095238,3.048028246,14,150080,Dec-20,400,0,0,0,0,0,0,0,0,0,76,41,71.78346667,2874.777758,3474.360861
F08,10,Seq1,Seq1_10DPH_F08,500,2501,150040,,1598,2568,131,0,256,0,20.8,109,8.15,,,,,1,1,0,0,0,24,2,0,0,0,2437,26,0,5.002666667,150080,FALSE,0.857142857,0.963624112,3,150080,06-Nov,400,0,0,0,0,0,0,0,0,0,31,61,55.41283333,3936.629341,6210.050707
F08,12,Seq1,Seq1_12DPH_F08,290,1451,87040,,449,1140,72,0,206,0,20.9,117,8.14,,0.003914253,0.002189485,0.004478708,0,0,0,0,0,0,0,0,0,3,1068,3,1,5.004597701,87080,FALSE,0.857142857,1.824437291,8,87080,Dec-20,400,0,0,0,0,0,0,0,0,0,5,61,30.19229885,1285.490898,5371.726497
F08,15,Seq1,Seq1_15DPH_F08,500,2501,150040,,575,703,28,0,246,2.9,20.7,114,8.1,,0.010634927,0.005214231,0.011844398,0,0,0,0,0,9,0,0,0,10,675,19,0.5,5.002666667,150080,FALSE,0.190476191,0.402373908,1,150080,Dec-20,400,0,0,0,0,0,0,0,0,0,84,61,10.9394,1261.121562,2048.862894
F08,15,Seq2,Seq2_15DPH_F08,500,2501,150040,,523,644,37,0,246,2.9,20.7,114,8.1,,0.010634927,0.005214231,0.011844398,0,0,0,0,0,6,1,0,0,23,607,30,0.741935484,5.002666667,150080,FALSE,0.047619048,0.21821789,1,150080,Dec-20,400,0,0,0,0,0,0,0,0,0,82,61,5.740566667,2287.406604,1979.766002
F08,15,Seq3,Seq3_15DPH_F08,500,2501,150040,,612,717,26,0,246,2.9,20.7,114,8.1,,0.010634927,0.005214231,0.011844398,0,0,0,0,0,8,0,0,0,20,691,28,0.714285714,5.002666667,150080,FALSE,0.238095238,0.538958431,2,150080,Dec-20,400,0,0,0,0,0,0,0,0,0,68,61,32.28923333,1348.443659,2129.74625
F08,17,Seq1,Seq1_17DPH_F08,500,2501,150040,,219,259,14,0,289,11.7,21.3,88,8.04,,0.017159673,0.026772765,0.033360917,0,0,0,0,0,0,0,0,0,0,245,0,,5.002666667,150080,FALSE,0.095238095,0.300792604,1,150080,Dec-20,400,0,0,0,0,0,0,0,0,0,1,61,24.8806,624.9819844,11435.73814
F08,17,Seq2,Seq2_17DPH_F08,500,2501,150040,,452,539,32,0,289,11.7,21.3,88,8.04,,0.017159673,0.026772765,0.033360917,0,0,0,0,0,1,0,0,0,0,507,1,0,5.002666667,150080,FALSE,0.238095238,0.436435781,1,150080,Dec-20,400,0,0,0,0,0,0,0,0,0,6,61,25.62963333,1075.518147,1118.630891
F08,19,Seq1,Seq1_19DPH_F08,500,2501,150040,,374,435,42,0,320,15,21.4,89,8.7,,,,,0,0,0,0,0,1,0,0,0,0,393,1,0,5.002666667,150080,FALSE,0.142857143,0.358568583,1,150080,Dec-20,400,0,0,0,0,0,0,0,0,0,6,61,38.69486667,908.2257009,3905.758272
F08,26,Seq1,Seq1_26DPH_F08,498,2491,149440,,191,221,16,0,0,66.15,21.2,88,8.15,,0.014955677,0.007497604,0.016729797,0,0,0,0,0,3,0,0,0,0,205,3,0,5.002677376,149480,FALSE,0.095238095,0.300792604,1,149480,21-26,400,0,0,0,0,0,0,0,0,0,4,61,20.05100402,600.1354377,37453.9483
F08,26,Seq2,Seq2_26DPH_F08,500,2501,150040,,186,212,17,0,0,66.15,21.2,88,8.15,,0.014955677,0.007497604,0.016729797,0,0,0,0,0,2,0,0,0,0,195,2,0,5.002666667,150080,FALSE,0.142857143,0.358568583,1,150080,21-26,400,0,0,0,0,0,0,0,0,0,4,61,30.4032,595.1275773,1851.870535
F08,29,Seq1,Seq1_29DPH_F08,500,2501,150040,,338,448,44,0,0,49,22.2,85,8.09,,0.01499171,0.008336449,0.017153644,2,0,0,0,0,26,1,0,1,0,404,28,0,5.002666667,150080,FALSE,0.285714286,0.783763813,3,150080,27-30,400,0,0,0,0,0,0,0,0,0,34,61,49.5347,924.8045988,15276.74031
F09,16,Seq1,Seq1_16DPH_F09,500,2501,150040,,82,86,3,0,264,6.9,20.7,110,8.12,,0.013552745,0.005957839,0.014804478,0,0,0,0,0,0,0,0,0,0,83,0,,5.002666667,150080,TRUE,0,0,0,150080,Dec-20,400,0,0,0,0,0,0,0,0,0,0,81,20.0077,366.8144925,1269.621591
F09,16,Seq2,Seq2_16DPH_F09,500,2501,150040,,57,57,0,0,264,6.9,20.7,110,8.12,,0.013552745,0.005957839,0.014804478,0,0,0,0,0,1,0,0,0,0,57,1,0,5.002666667,150080,TRUE,0.047619048,0.21821789,1,150080,Dec-20,400,0,0,0,0,0,0,0,0,0,2,81,20.04473333,304.3530512,1218.242674
F10,10,Seq1,Seq1_10DPH_F10,500,2501,150040,,605,838,48,0,246,0,19.6,101,8.18,,0.013110709,0.009243809,0.016041767,0,8,0,0,0,20,9,0,0,13,790,42,0.311111111,5.002666667,150080,TRUE,0.571428571,1.325572653,6,150080,06-Nov,400,0,0,0,0,0,0,0,0,0,43,101,46.641,1690.532828,1588.869868
F10,13,Seq1,Seq1_13DPH_F10,500,2501,150040,,146,164,10,0,290,0,20.4,94,8.14,,0.01143278,0.005408884,0.0126477,1,0,0,0,0,1,1,0,0,0,154,2,0,5.002666667,150080,TRUE,0.047619048,0.21821789,1,150080,Dec-20,400,0,0,0,0,0,0,0,0,0,3,101,41.6929,532.9441524,771.9262133
F10,14,Seq1,Seq1_14DPH_F10,500,2501,150040,,70,722,22,0,265,1,20.5,91,8.14,,0.011825672,0.005918072,0.01322384,0,0,0,0,0,0,41,0,0,0,700,41,1,5.002666667,150080,TRUE,0,0,0,150080,Dec-20,400,0,0,0,0,0,0,0,0,0,42,101,49.2544,741.3638158,726.2877905
F10,15,Seq1,Seq1_15DPH_F10,500,2501,150040,,130,737,1,0,230,2.3,20.4,93,8.24,,0.070995504,0.078926906,0.109114484,0,0,0,0,0,1,1,0,0,0,54,2,0,6.949733333,208492,TRUE,0,0,0,208492,Dec-20,400,0,0,0,0,0,0,0,0,0,3,101,48.30516667,403.3790963,842.7471223
F10,16,Seq1,Seq1_16DPH_F10,500,2501,150040,,147,151,3,0,218,6,20.6,92,8.23,,0.013681715,0.009408558,0.016604514,0,0,0,0,0,0,0,0,0,0,148,0,,5.002666667,150080,TRUE,0.095238095,0.300792604,1,150080,Dec-20,400,0,0,0,0,0,0,0,0,0,6,101,15.0016,543.8730562,709.7011151
F10,16,Seq2,Seq2_16DPH_F10,500,2501,150040,,110,114,4,0,218,6,20.6,92,8.23,,0.013681715,0.009408558,0.016604514,0,0,0,0,0,0,0,0,0,0,110,0,,5.002666667,150080,TRUE,0.142857143,0.358568583,1,150080,Dec-20,400,0,0,0,0,0,0,0,0,0,9,101,34.2141,457.6383348,735.2348931
F10,17,Seq1,Seq1_17DPH_F10,500,2501,150040,,181,524,25,0,230,8.4,20.6,104,,,0.012768207,0.006699111,0.014418903,0,0,0,0,0,0,1,0,0,1,499,2,0.5,5.002666667,150080,TRUE,0.047619048,0.21821789,1,150080,Dec-20,400,0,0,0,0,0,0,0,0,0,2,101,44.0263,743.0328586,839.1737125
F10,22,Seq1,Seq1_22DPH_F10,500,2501,150040,,774,1053,57,0,456,36,20.6,89,8.08,,0.012057335,0.008958538,0.015021133,6,0,0,0,0,14,6,0,0,2,996,22,0.086956522,5.002666667,150080,TRUE,0.333333333,0.658280589,2,150080,21-26,400,0,0,0,0,0,0,0,0,0,46,101,51.69753333,2079.701713,1880.20084
F11,13,Seq1,Seq1_13DPH_F11,500,2501,150040,,120,138,6,0,293,0,20.4,98,8.14,,0.014492727,0.007464178,0.016301928,0,1,0,0,0,3,1,0,0,0,132,4,0,5.002666667,150080,TRUE,0.047619048,0.21821789,1,150080,Dec-20,400,0,0,0,0,0,0,0,0,0,5,81,49.6658,493.1066039,1336.049443
F11,15,Seq1,Seq1_15DPH_F11,500,2501,150040,,164,188,10,0,296,3.2,20.5,90,8.19,,0.015810912,0.007500206,0.017505877,0,0,0,0,0,7,0,0,0,0,178,7,0,5.002666667,150080,TRUE,0.190476191,0.402373908,1,150080,Dec-20,400,0,0,0,0,0,0,0,0,0,10,81,41.00713333,616.4285023,1418.375388
F11,15,Seq2,Seq2_15DPH_F11,500,2501,150040,,95,100,5,0,296,3.2,20.5,90,8.19,,0.015810912,0.007500206,0.017505877,0,0,0,0,0,4,0,0,0,0,95,4,0,5.002666667,150080,TRUE,0.095238095,0.300792604,1,150080,Dec-20,400,0,0,0,0,0,0,0,0,0,4,81,41.00713333,447.2105348,1292.440714
F11,19,Seq2,Seq2_19DPH_F11,500,2501,150040,,1034,1309,63,0,289,14.85,20.7,86,,,,,,7,0,1,0,0,52,6,0,3,0,1246,61,0,5.002666667,150080,TRUE,0.476190476,0.74960307,3,150080,Dec-20,400,0,0,0,0,0,0,0,0,0,65,81,21.08906667,2679.291831,3332.103847
F11,26,Seq1,Seq1_26DPH_F11,500,2501,150040,,1589,2717,140,0,0,72.8,20.4,94,8.11,,,,,10,0,0,0,0,2,10,0,0,0,2577,12,0,5.002666667,150080,TRUE,1.142857143,1.108409414,4,150080,21-26,400,0,0,0,0,0,0,0,0,0,20,81,14.1407,4341.063326,4395.251022
F11,27,Seq2,Seq2_27DPH_F11,500,668,40060,,293,1442,205,0,0,79.8,20.4,77,,,,,,8,0,0,0,0,56,9,0,0,26,2152,91,0.285714286,5.002666667,150080,TRUE,0.285714286,0.46291005,1,150080,27-30,400,0,0,0,0,0,0,0,0,0,108,81,5.1248,3076.454917,1303.400378
F11,28,Seq1,Seq1_28DPH_F11,490,683,40960,,151,164,4,0,0,88.2,20.5,92,,,,,,1,0,0,0,0,8,1,0,0,0,160,9,0,1.394557823,41000,TRUE,0.190476191,0.402373908,1,41000,27-30,400,0,0,0,0,0,0,0,0,0,12,81,1.395068027,418.4448757,617.5026937
F11,28,Seq2,Seq2_28DPH_F11,490,683,40960,,79,85,0,0,0,88.2,20.5,92,,,,,,0,0,0,0,0,1,0,0,0,2,85,3,0.666666667,1.394557823,41000,TRUE,0,0,0,41000,27-30,400,0,0,0,0,0,0,0,0,0,5,81,1.395068027,249.712908,446.365891
F11,28,Seq3,Seq3_28DPH_F11,490,683,40960,,253,318,8,0,0,88.2,20.5,92,,,,,,3,0,0,0,0,25,3,0,0,1,310,29,0.033333333,1.394557823,41000,TRUE,0.523809524,0.679635757,2,41000,27-30,400,0,0,0,0,0,0,0,0,0,38,81,1.395068027,693.06951,843.852417
F12,19,Seq1,Seq1_19DPH_F12,500,2501,150040,,1551,8352,1400,0,250,18.9,19.6,86,,,,,,0,0,0,0,0,8,0,0,0,0,6952,8,0,5.002666667,150080,TRUE,3,2.880972058,8,150080,Dec-20,400,0,0,0,0,0,0,0,0,0,12,101,20.02613333,6354.613477,4166.405873
F12,24,Seq1,Seq1_24DPH_F12,500,2501,150040,,2501,55801,23757,0,0,58.8,19.7,82,8,,,,,0,0,0,0,0,14,0,0,0,0,32044,14,0,5.002666667,150080,TRUE,12.23809524,2.233937374,16,150080,21-26,400,0,0,0,0,0,0,0,0,0,40,101,29.98913333,32319.54101,16447.41057
F12,25,Seq1,Seq1_25DPH_F12,500,2501,150040,,2501,68889,33360,0,0,70,19.7,80,8.11,,,,,7,0,0,0,4,483,16,0,1,0,17089,500,0,2.432666667,72980,TRUE,14,2.549509757,18,72980,21-26,400,0,0,0,0,0,0,0,0,0,515,101,16.55146667,39531.76188,24576.09118
F13,5,Seq1,Seq1_05DPH_F13,500,2501,150040,,1598,2629,103,0,120,0,19,92,8.15,,,,,1,1,1,0,0,88,2,0,0,16,2526,106,0.140350877,5.002666667,150080,TRUE,0.666666667,0.730296743,2,150080,06-Nov,400,0,0,0,0,0,0,0,0,0,108,81,10.7879,3768.994169,5138.209365
F13,5,Seq2,Seq2_05DPH_F13,528,2641,158440,,1252,1715,70,0,120,0,19,92,8.15,,,,,0,0,1,0,0,74,1,0,1,1,1645,77,0.011627907,5.002525253,158480,TRUE,0.428571429,0.597614305,2,158480,06-Nov,400,0,0,0,0,0,0,0,0,0,79,81,10.0207702,2792.676033,2725.165748
F13,8,Seq1,Seq1_08DPH_F13,500,2501,150040,,2232,16932,3362,0,250,0,19.1,92,8.2,,,,,2,1,0,1,0,491,8,0,0,1,4627,500,0.002,2.558666667,76760,TRUE,4.904761905,3.477136205,11,76760,06-Nov,400,0,0,0,0,0,0,0,0,0,559,81,12.09466667,11887.49992,13871.80079
F13,16,Seq1,Seq1_16DPH_F13,500,2501,150040,,338,396,19,0,268,15.8,19.1,81,7.96,,,,,0,0,0,0,0,37,0,0,0,0,377,37,0,5.002666667,150080,TRUE,0.190476191,0.402373908,1,150080,Dec-20,400,0,0,0,0,0,0,0,0,0,44,81,19.89856667,1017.23289,1201.60979
F13,16,Seq2,Seq2_16DPH_F13,500,2501,150040,,233,249,4,0,268,15.8,19.1,81,7.96,,,,,0,0,0,0,0,25,0,0,0,0,245,25,0,5.002666667,150080,TRUE,0.047619048,0.21821789,1,150080,Dec-20,400,0,0,0,0,0,0,0,0,0,27,81,21.21176667,767.870723,909.9790812
F13,18,Seq1,Seq1_18DPH_F13,500,2501,150040,,1758,3793,292,0,224,8.4,18.7,75,7.99,,,,,51,6,0,1,0,384,54,0,6,56,1969,500,0.112,1.886666667,56600,TRUE,1.238095238,1.670471847,7,56600,Dec-20,400,0,0,0,0,0,0,0,0,0,518,81,20.01106667,4938.966432,4458.941603
F13,18,Seq2,Seq2_18DPH_F13,500,2501,150040,,1878,3707,210,0,224,8.4,18.7,75,7.99,,,,,0,0,0,0,0,0,0,0,0,0,2709,0,,4.308666667,129260,TRUE,1.571428571,1.247855303,4,129260,Dec-20,400,0,0,0,0,0,1,0,1,1,567,81,13.6502,4998.613145,4520.074736
F13,19,Seq1,Seq1_19DPH_F13,500,2501,150040,,772,1010,44,0,345,23,19.4,87,8.12,,,,,0,0,0,0,1,79,1,0,0,0,966,80,0,5.002666667,150080,TRUE,0.285714286,0.643650304,2,150080,Dec-20,400,0,0,0,0,0,0,0,0,0,101,81,19.31583333,1759.527369,1802.46854
F13,19,Seq2,Seq2_19DPH_F13,500,2259,135520,,1248,1791,79,0,345,23,19.4,87,8.12,,,,,0,0,0,0,1,157,1,0,0,0,1712,158,0,4.518666667,135560,TRUE,0.666666667,1.016530045,4,135560,Dec-20,400,0,0,0,0,0,0,0,0,0,186,81,4.519033333,2743.420146,2614.561259
F13,29,Seq1,Seq1_29DPH_F13,500,2501,150040,,1212,1842,122,0,0,115.5,19.3,85,8.1,,,,,2,0,0,0,0,113,3,0,0,0,1720,116,0,5.002666667,150080,TRUE,0.80952381,0.872871561,3,150080,27-30,400,0,0,0,0,0,0,0,0,0,138,81,20.0084,2802.876951,2649.177469
F13,29,Seq2,Seq2_29DPH_F13,500,2501,150040,,714,868,45,0,0,115.5,19.3,85,8.1,,,,,8,0,0,0,0,18,8,0,0,0,823,26,0,5.002666667,150080,TRUE,0.523809524,0.679635757,2,150080,27-30,400,0,0,0,0,0,0,0,0,0,37,81,20.05703333,1686.84742,1739.679609
F14,9,Seq1,Seq1_09DPH_F14,544,2721,163240,,339,386,12,0,108,0,19,96,8.18,,,,,3,1,0,0,0,22,3,0,0,0,374,25,0,5.00245098,163280,TRUE,0.047619048,0.21821789,1,163280,06-Nov,400,0,0,0,0,0,0,0,0,0,39,61,10.03636642,786.5425575,1174.058543
F14,9,Seq2,Seq2_09DPH_F14,544,2721,163240,,332,354,9,0,108,0,19,96,8.18,,,,,0,0,0,0,0,27,0,0,0,0,345,27,0,5.00245098,163280,TRUE,0.047619048,0.21821789,1,163280,06-Nov,400,0,0,0,0,0,0,0,0,0,35,61,10.18259804,750.4657865,1143.134397
F14,12,Seq1,Seq1_12DPH_F14,498,2491,149440,,1214,1734,98,0,250,0,19,92,8.26,,,,,0,3,0,0,0,187,4,0,0,0,1636,191,0,5.002677376,149480,TRUE,0.619047619,1.023532631,4,149480,Dec-20,400,0,0,0,0,0,0,0,0,0,197,61,21.9771419,2699.13589,2686.743284
F14,12,Seq2,Seq2_12DPH_F14,500,2501,150040,,973,1258,52,0,250,0,19,92,8.26,,,,,1,0,0,0,0,57,1,0,0,0,1206,58,0,5.002666667,150080,TRUE,0.571428571,0.746420027,3,150080,Dec-20,400,0,0,0,0,0,0,0,0,0,60,61,20.00033333,2089.264974,2097.973902
F14,20,Seq1,Seq1_20DPH_F14,500,2501,150040,,491,576,10,0,326,22.4,19.1,99,8.09,,,,,0,1,0,0,0,42,1,0,0,0,566,43,0,5.002666667,150080,TRUE,0.047619048,0.21821789,1,150080,Dec-20,400,0,0,0,0,0,0,0,0,0,57,61,20.0287,1213.949717,1347.816297
F14,20,Seq2,Seq2_20DPH_F14,500,2501,150040,,107,110,0,0,326,22.4,19.1,99,8.09,,,,,0,0,0,0,0,1,0,0,0,0,110,1,0,5.002666667,150080,TRUE,0.047619048,0.21821789,1,150080,Dec-20,400,0,0,0,0,0,0,0,0,0,9,61,20.0287,427.9086637,649.5188985
F14,20,Seq3,Seq3_20DPH_F14,500,2501,150040,,133,139,1,0,326,22.4,19.1,99,8.09,,,,,0,0,0,0,0,0,0,0,0,2,138,2,1,5.002666667,150080,TRUE,0,0,0,150080,Dec-20,400,0,0,0,0,0,0,0,0,0,16,61,20.24433333,457.835923,683.8638089
F14,23,Seq1,Seq1_23DPH_F14,500,2501,150040,,136,156,5,0,403,46,19.4,92,8.11,,,,,1,0,0,0,0,17,1,0,0,0,151,18,0,5.002666667,150080,TRUE,0.095238095,0.300792604,1,150080,21-26,400,0,0,0,0,0,0,0,0,0,19,61,20.227,460.3419735,670.9319067
F14,23,Seq2,Seq2_23DPH_F14,500,2501,150040,,369,407,22,0,403,46,19.4,92,8.11,,,,,0,0,0,0,0,34,0,0,1,0,385,35,0,5.002666667,150080,TRUE,0.095238095,0.300792604,1,150080,21-26,400,0,0,0,0,0,0,0,0,0,43,61,19.94493333,878.8392975,1069.84704
F14,24,Seq1,Seq1_24DPH_F14,500,2501,150040,,822,1023,31,0,0,64.4,19.5,94,8.13,,,,,6,3,0,0,0,130,9,0,0,2,992,141,0.014184397,5.002666667,150080,TRUE,0.285714286,0.46291005,1,150080,21-26,400,0,0,0,0,0,0,0,0,0,159,61,19.3247,1807.558506,2190.960925
F14,24,Seq2,Seq2_24DPH_F14,500,2501,150040,,2499,6034,137,0,0,64.4,19.5,94,8.13,,,,,6,1,0,0,0,134,8,0,0,10,5897,152,0.065789474,5.002666667,150080,TRUE,2.476190476,0.872871561,4,150080,21-26,400,0,0,0,0,0,0,0,0,0,177,61,20.1957,6823.04651,6274.12012
F14,30,Seq1,Seq1_30DPH_F14,500,2501,150040,,2400,6392,526,0,0,109.2,21,80,8.16,,,,,4,1,0,0,5,191,10,0,1,1,5866,203,0.004926108,5.002666667,150080,TRUE,2.476190476,1.209092537,4,150080,27-30,400,0,0,0,0,0,0,0,0,0,214,61,19.7853,7009.777963,6836.970175
F14,30,Seq2,Seq2_30DPH_F14,500,2501,150040,,1591,2370,98,0,0,109.2,21,80,8.16,,,,,0,0,0,0,0,0,0,0,0,0,2272,0,,5.002666667,150080,TRUE,1,0.774596669,3,150080,27-30,400,0,0,0,0,1,0,0,1,1,140,61,19.92956667,3694.185336,4042.132827
F15,8,Seq1,Seq1_08DPH_F15,544,2721,163240,,2466,11441,1507,0,240,0,19.2,86,8.13,,,,,0,0,0,1,0,499,1,0,0,0,3796,500,0,1.234068627,40280,TRUE,4.142857143,2.535462764,10,40280,06-Nov,400,0,0,0,0,0,0,0,0,0,524,71,11.43740809,9517.963977,9185.674089
F15,8,Seq2,Seq2_08DPH_F15,544,2721,163240,,2028,4576,365,0,240,0,19.2,86,8.13,,,,,0,0,0,0,0,0,0,0,0,0,4211,0,,5.00245098,163280,TRUE,1.714285714,1.189237451,4,163280,06-Nov,400,0,0,0,0,1,0,0,1,1,475,71,10.04718137,5341.306976,5600.860928
F15,23,Seq1,Seq1_23DPH_F15,500,2501,150040,,653,819,33,0,377,50.4,20,80,8.03,,,,,0,0,0,0,0,10,0,0,0,0,786,10,0,5.002666667,150080,TRUE,0.238095238,0.436435781,1,150080,21-26,400,0,0,0,0,0,0,0,0,0,16,71,19.9932,1035.052627,1540.08732
F15,23,Seq2,Seq2_23DPH_F15,500,2501,150040,,193,204,5,0,377,50.4,20,80,8.03,,,,,0,0,0,0,0,0,0,0,0,0,199,0,,5.002666667,150080,TRUE,0.142857143,0.358568583,1,150080,21-26,400,0,0,0,0,0,0,0,0,0,3,71,20.32793333,486.2424257,1009.198987
F15,24,Seq1,Seq1_24DPH_F15,498,2491,149440,,773,956,42,0,,,,,8.11,,,,,6,0,0,0,0,43,6,0,0,0,914,49,0,5.002677376,149480,TRUE,0.238095238,0.436435781,1,149480,21-26,400,0,0,0,0,0,0,0,0,0,60,71,13.8708166,1154.236707,1651.432057
F15,24,Seq2,Seq2_24DPH_F15,498,2491,149440,,280,355,8,0,,,,,8.11,,,,,1,1,0,0,0,15,1,0,0,0,347,16,0,5.002677376,149480,TRUE,0.142857143,0.358568583,1,149480,21-26,400,0,0,0,0,0,0,0,0,0,26,71,13.8708166,447.5775309,1007.841897
F15,24,Seq4,Seq4_24DPH_F15,498,2491,149440,,1048,1436,72,0,,,,,8.11,,,,,19,4,1,0,0,49,20,0,0,8,1364,77,0.103896104,5.002677376,149480,TRUE,0.380952381,0.589592272,2,149480,21-26,400,0,0,0,0,0,0,0,0,0,119,71,13.8708166,1538.933925,1940.704997
F15,24,Seq5,Seq5_24DPH_F15,500,2501,150040,,1032,1465,58,0,,,,,8.11,,,,,5,2,0,0,0,44,6,0,1,0,1407,51,0,5.002666667,150080,TRUE,0.666666667,0.856348839,3,150080,21-26,400,0,0,0,0,0,0,0,0,0,116,71,10.09943333,1528.353394,1913.819857
F15,29,Seq1,Seq1_29DPH_F15,500,2501,150040,,239,271,3,0,0,97.44,19.4,92,8.13,,,,,1,0,0,0,0,7,1,0,1,0,268,9,0,5.002666667,150080,TRUE,0.047619048,0.21821789,1,150080,27-30,400,0,0,0,0,0,0,0,0,0,13,71,20.41836667,572.0540628,1067.350118
F15,29,Seq2,Seq2_29DPH_F15,500,2501,150040,,460,554,23,0,0,97.44,19.4,92,8.13,,,,,0,0,0,0,0,2,0,0,0,4,531,6,0.666666667,5.002666667,150080,TRUE,0.190476191,0.511766316,2,150080,27-30,400,0,0,0,0,0,0,0,0,0,18,71,9.565533333,635.1914651,1205.184902
F16,7,Seq1,Seq1_07DPH_F16,500,2501,150040,,2013,4149,260,0,210,0,18.6,100,8.24,,,,,7,20,0,0,0,670,39,0,0,3,2774,712,0.003816794,4.974666667,149240,FALSE,1.619047619,1.283596139,4,149240,06-Nov,400,0,0,0,0,0,0,0,0,0,726,21,20.37666667,5183.91092,5427.572801
F16,7,Seq2,Seq2_07DPH_F16,500,2501,150040,,1945,4422,255,0,210,0,18.6,100,8.24,,,,,7,10,0,0,0,702,33,0,0,10,2794,745,0.013715711,4.990666667,149720,FALSE,1.904761905,1.786190413,6,149720,06-Nov,400,0,0,0,0,0,0,0,0,0,759,21,20.37666667,5240.191767,5418.159897
F16,8,Seq1,Seq1_08DPH_F16,500,2501,150040,,1257,3388,97,40000,40,0,18.9,106,8.2,,,,,6,6,3,0,0,117,17,0,0,0,1411,134,0,5.004666667,150140,FALSE,0.882352941,1.218726433,4,190140,06-Nov,400,0,0,0,0,0,0,0,0,0,151,21,19.24423333,2349.354027,3493.219839
F16,9,Seq1,Seq1_09DPH_F16,500,2501,150040,,88,101,6,0,264,0,18.5,83,8.27,,,,,0,0,0,0,0,20,1,0,0,0,95,21,0,5.002666667,150080,FALSE,0,0,0,150080,06-Nov,400,0,0,0,0,0,0,0,0,0,22,21,19.48503333,267.0948217,499.5202191
F16,9,Seq2,Seq2_09DPH_F16,500,2501,150040,,94,95,0,0,264,0,18.5,83,8.27,,,,,0,0,0,0,0,4,1,0,0,1,95,6,0.166666667,5.002666667,150080,FALSE,0,0,0,150080,06-Nov,400,0,0,0,0,0,0,0,0,0,7,21,19.48503333,338.3580563,573.746057
F16,14,Seq1,Seq1_14DPH_F16,500,2501,150040,,1498,2135,124,0,250,1.1,19,92,8.28,,,,,48,3,1,1,0,33,58,0,0,0,2011,91,0,5.002666667,150080,FALSE,0.714285714,1.055597326,3,150080,Dec-20,400,0,0,0,0,0,1,0,1,1,136,21,20.6208,3459.788067,3197.238191
F16,16,Seq1,Seq1_16DPH_F16,500,2501,150040,,574,648,18,0,220,6.9,19.8,98,8.13,,,,,21,2,2,0,0,49,25,0,1,5,630,80,0.0625,5.002666667,150080,FALSE,0.285714286,0.560611911,2,150080,Dec-20,400,0,0,0,0,0,1,0,1,1,89,21,24.22263333,1363.22319,1475.493393
F16,23,Seq3,Seq3_23DPH_F16,500,2501,150040,,2405,8082,499,0,345,48.6,19.9,100,8.01,,,,,206,10,15,0,0,258,230,0,1,3,7583,492,0.006097561,5.002666667,150080,FALSE,2.952380952,1.687488977,7,150080,21-26,400,0,0,0,0,0,0,0,0,0,529,21,11.37446667,7835.611216,6123.238696
F16,29,Seq2,Seq2_29DPH_F16,500,404,24220,,395,1266,81,0,0,103.95,21.3,107,8.01,,,,,7,1,0,0,3,48,12,0,0,15,1185,75,0.2,0.808666667,24260,FALSE,3.333333333,1.238278375,6,24260,27-30,400,0,0,0,0,0,0,0,0,0,108,21,22.57946667,1228.886697,990.4134972
F16,35,Seq1,Seq1_35DPH_F16,500,2501,150040,,827,1053,50,0,0,123.2,23.4,94,8.05,,,,,0,0,0,0,0,320,26,4,6,0,1004,178,0,5.004666667,150140,FALSE,0.571428571,0.676123404,2,150140,27-30,400,0,0,0,0,2,1,0,3,3,216,21,19.37223333,1838.549725,2110.466103
F16,35,Seq2,Seq2_35DPH_F16,500,2501,150040,,171,187,7,0,0,123.2,23.4,94,8.05,,,,,0,0,0,0,0,4,0,0,0,0,180,4,0,5.004666667,150140,FALSE,0,0,0,150140,27-30,400,0,0,0,0,0,0,0,0,0,7,21,19.38876667,494.7568419,724.7511721
F17,9,Seq1,Seq1_09DPH_F17,500,2501,150040,,1525,2575,226,35000,252,0,19,91,8.22,,,,,20,3,5,8,0,224,45,0,0,0,2206,269,0,5.004666667,150140,FALSE,0.777777778,0.732084498,2,185140,06-Nov,400,0,0,0,0,0,0,0,0,0,283,41,9.398266667,2296.303801,3098.937169
F17,11,Seq2,Seq2_11DPH_F17,500,2501,150040,,1284,1872,103,0,254,0,19.1,97,8.16,,0.013749361,0.009475982,0.016698464,16,0,3,16,0,85,46,0,0,0,1769,131,0,5.004666667,150140,FALSE,0.714285714,1.007117528,3,150140,06-Nov,400,0,0,0,0,0,0,0,0,0,164,41,19.57573333,1812.096562,2702.999222
F17,16,Seq1,Seq1_16DPH_F17,500,2501,150040,,1165,1573,65,0,242,13.92,20,89,8.02,,0.011350694,0.005875689,0.012781307,39,1,2,1,0,49,41,0,1,16,1508,109,0.14953271,5.002666667,150080,FALSE,0.571428571,0.810643483,2,150080,Dec-20,400,0,0,0,0,0,1,0,1,1,133,41,19.67353333,1682.210987,3538.275127
F17,16,Seq2,Seq2_16DPH_F17,500,2301,138040,,1699,3255,191,0,242,13.92,20,89,8.02,,0.011350694,0.005875689,0.012781307,245,17,10,1,0,201,289,0,8,2,2709,500,0.004,4.308666667,129260,FALSE,1.714285714,1.73616984,6,129260,Dec-20,400,0,0,0,0,0,0,0,0,0,567,41,19.67353333,2795.965964,4680.035654
F17,24,Seq1,Seq1_24DPH_F17,500,2501,150040,,2500,20195,3879,0,20,52.5,20.2,66,7.9,,0.021109111,0.012521343,0.024543388,200,9,9,3,0,264,228,0,8,0,2779,500,0,0.936666667,28100,FALSE,6.666666667,2.886751346,14,28100,21-26,400,0,0,0,0,0,0,0,0,0,562,41,20.18456667,12846.4546,12915.16754
F17,30,Seq1,Seq1_30DPH_F17,500,2501,150040,,1052,1318,51,0,0,110.25,22.6,76,8.04,,0.01661533,0.008654331,0.018733989,21,2,0,0,35,32,81,0,1,0,1267,114,0,5.002666667,150080,FALSE,0.571428571,0.676123404,2,150080,27-30,400,0,0,0,0,0,0,0,0,0,143,41,14.8344,1985.998044,3096.229801
F17,30,Seq2,Seq2_30DPH_F17,500,2501,150040,,1357,2044,79,0,0,110.25,22.6,76,8.04,,0.01661533,0.008654331,0.018733989,19,1,2,0,12,96,55,0,2,1,1965,157,0.006493506,5.002666667,150080,FALSE,0.761904762,0.83094897,3,150080,27-30,400,0,0,0,0,0,1,0,1,1,191,41,20.02893333,2782.378048,3569.439714
F18,15,Seq1,Seq1_15DPH_F18,500,2501,150040,,1492,2559,181,0,248,1.45,19.6,90,8.05,,,,,12,0,1,0,0,18,13,0,0,0,2378,31,0,5.002666667,150080,FALSE,0.523809524,0.74960307,2,150080,Dec-20,400,0,0,0,0,0,1,0,1,1,70,51,10.5662,3227.990752,4210.222313
F18,15,Seq2,Seq2_15DPH_F18,500,2501,150040,,2501,11641,2595,0,248,1.45,19.6,90,8.05,,,,,29,3,4,4,0,39,46,0,0,0,9046,85,0,5.002666667,150080,FALSE,3.619047619,1.023532631,6,150080,Dec-20,400,0,0,0,0,0,0,0,0,0,139,51,9.720566667,8981.384877,6994.308811
F18,15,Seq3,Seq3_15DPH_F18,500,2501,150040,,2501,9986,2234,0,248,1.45,19.6,90,8.05,,,,,3,0,0,0,0,22,5,0,0,0,7752,27,0,5.002666667,150080,FALSE,3.238095238,0.889087279,5,150080,Dec-20,400,0,0,0,0,0,0,0,0,0,47,51,10.1057,8201.566681,5985.214576
F18,16,Seq2,Seq2_16DPH_F18,500,2501,150040,,2501,19815,5483,0,260,8.4,19.7,93,8.13,,,,,121,14,6,7,2,244,158,0,2,0,14332,404,0,5.002666667,150080,FALSE,5.80952381,3.092232973,12,150080,Dec-20,400,0,0,0,0,0,6,0,6,6,625,51,20.01593333,13020.98721,12342.06779
F18,18,Seq1,Seq1_18DPH_F18,500,575,34480,,272,441,22,0,253,,20.1,90,8,,0.010738074,0.003848532,0.011406899,9,1,1,0,0,31,12,0,1,0,419,44,0,1.150666667,34520,FALSE,0.952380952,1.160869953,4,34520,Dec-20,400,0,0,0,0,0,0,0,0,0,50,51,1.1522,591.4416437,845.2321184
F18,28,Seq1,Seq1_28DPH_F18,500,2501,150040,,958,1294,58,0,0,89.25,20.5,77,7.99,,,,,37,1,4,0,6,49,86,0,0,3,1236,138,0.02173913,5.002666667,150080,FALSE,0.523809524,0.813575296,3,150080,27-30,400,0,0,0,0,0,1,0,1,1,168,51,20.01093333,40952.69035,2218.753874
F19,12,Seq1,Seq1_12DPH_F19,500,2501,150040,,1147,1536,70,0,250,0,19.3,95,8.23,,,,,11,0,1,6,0,42,39,0,0,0,1466,81,0,5.004666667,150140,FALSE,0.714285714,0.717137166,2,150140,Dec-20,400,0,0,0,0,0,0,0,0,0,84,31,19.5183,2633.879316,2989.538064
F19,12,Seq2,Seq2_12DPH_F19,500,134,8020,,130,342,30,0,250,0,19.3,95,8.23,,,,,1,0,1,0,0,2,5,0,0,0,312,7,0,0.268666667,8060,FALSE,2.142857143,1.062342425,4,8060,Dec-20,400,0,0,0,0,0,0,0,0,0,8,31,0.269866667,372.6031051,373.8542812
F19,14,Seq1,Seq1_14DPH_F19,500,2501,150040,,2474,3954,112,0,220,1.15,19.1,98,8.12,,,,,13,2,2,41,0,100,62,0,0,1,3844,163,0.006134969,5.004666667,150140,FALSE,1.80952381,0.74960307,3,150140,Dec-20,400,0,0,0,0,0,0,0,0,0,171,31,20.01213333,5801.846009,6102.562914
F19,14,Seq2,Seq2_14DPH_F19,500,2501,150040,,2488,3505,86,0,220,1.15,19.1,98,8.12,,,,,3,0,1,11,0,75,24,0,0,0,3420,99,0,5.004666667,150140,FALSE,1.333333333,0.483045892,2,150140,Dec-20,400,0,0,0,0,0,0,0,0,0,108,31,8.669033333,5584.541236,6056.808313
F19,14,Seq3,Seq3_14DPH_F19,500,2501,150040,,1258,2144,120,0,220,1.15,19.1,98,8.12,,,,,12,1,0,8,0,154,36,0,2,0,2025,192,0,5.004666667,150140,FALSE,1.095238095,1.135991281,4,150140,Dec-20,400,0,0,0,0,0,0,0,0,0,206,31,9.9879,3113.636227,3487.4824
F19,19,Seq1,Seq1_19DPH_F19,500,2501,150040,,2476,12943,2183,0,292,17.4,20.4,96,8.04,,,,,314,13,30,8,0,147,351,0,2,0,3285,500,0,1.444666667,43340,FALSE,3.857142857,2.031888636,11,43340,Dec-20,400,0,0,0,0,0,0,0,0,0,524,31,9.625933333,18474.2071,9652.126348
F19,21,Seq1,Seq1_21DPH_F19,500,2501,150040,,1344,2375,241,0,345,32.4,20,102,7.97,,,,,340,16,9,1,0,95,399,0,6,0,2108,500,0,4.890666667,146720,FALSE,0.80952381,0.872871561,2,146720,21-26,400,0,0,0,0,0,0,0,0,0,576,31,19.9968,3375.446207,3290.454064
F19,33,Seq1,Seq1_33DPH_F19,500,2501,150040,,2140,5358,377,0,0,123.2,23.4,101,8.7,,,,,106,2,8,2,310,420,574,2,4,0,4701,500,0,4.570666667,137120,FALSE,1.857142857,1.31475147,4,137120,27-30,400,0,0,0,0,0,2,1,3,3,646,31,20.02036667,5986.808738,5830.466842