,Unnamed: 0,cohort,DPH,seq,video_name,fps,num_frames_sampled,last_frame_sampled,duration.sampled,num_frames_with_detections,total_clips,removed_preds,start_frame,rotifers,artemia,temp,oxygen,PH,our.temp,mean_current,std_current,rms_current,pull,crazy,fast_start,rotate,breathe,swim,other,strike,spit_i.o,no_fish,tot_preds_in_sampled_time,tot_labeled,proportion_no_fish,min_labeled,frame_span_labeled,manually_annotated,mean_detections_per_frame_20,std_detections_per_frame_20,max_detections_per_frame_20,last_frame_labeled,age_group,frame_size,manual_strikes,manual_strikes_detected_kinetics,manual_strikes_detected_ssv,manual_strikes_detected,new_strikes_kinetics_only,new_strikes_ssv_only,new_strikes_both,new_strikes_detected,unique_strikes,tot_labeled_both,tank,full_duration_min,stat_strikes,sr,full_duration_frame
0,1,F02,13,Seq3,Seq3_13DPH_F02,850,4251,255040,5.000784314,4148,15488,1982,0,240.0,0.0,18.7,100.0,8.080340909,,,,,0,0,2,0,0,123,2,0,0,0,13506,125,0.0,5.00156862745098,255080,True,3.714285714,2.283481052,8,255080,08-14,400,0,0,0,0,0,0,0,0,0,330,41,19.99980392,0,0,1019990
1,2,F02,23,Seq1,Seq1_23DPH_F02,750,3751,225040,5.000888889,2965,5978,481,0,0.0,48.0,20.4,89.0,8.080340909,,,,,0,0,3,0,0,34,3,2,1,0,5497,39,0.0,5.00177777777778,225080,True,1.238095238,1.220850601,4,225080,21-25,400,2,1,2,2,0,0,0,0,2,89,41,19.99822222,2,19,899920
2,3,F02,25,Seq1,Seq1_25DPH_F02,750,3751,225040,5.000888889,1569,2172,153,0,0.0,36.0,20.7,81.0,8.080340909,,,,,0,0,1,0,0,17,1,0,0,0,2019,18,0.0,5.00177777777778,225080,True,0.571428571,0.676123404,2,225080,21-25,400,0,0,0,0,0,1,0,1,1,57,41,19.9868,1,21,899406
3,4,F02,26,Seq1,Seq1_26DPH_F02,750,3751,225040,5.000888889,944,1281,113,0,0.0,63.7,20.6,80.0,8.080340909,,,,,0,4,0,0,0,6,5,5,1,0,1168,14,0.0,5.00177777777778,225080,True,0.238095238,0.538958431,2,225080,26-30,400,2,2,2,2,0,0,1,1,3,31,41,22.22048889,3,151,999922
4,5,F02,30,Seq1,Seq1_30DPH_F02,749,3746,224740,5.000890076,1123,1453,87,0,0.0,110.6,22.0,75.0,8.080340909,,,,,15,0,0,0,0,3,17,1,0,0,1366,20,0.0,5.00178015131286,224780,True,0.476190476,0.92838826,4,224780,26-30,400,1,0,1,1,0,0,0,0,1,61,41,5.592523364,1,25,251328
5,6,F03,16,Seq1,Seq1_16DPH_F03,750,3751,225040,5.000888889,407,443,15,0,261.0,6.3,19.7,91.85294118,7.98,,,,,0,0,0,0,0,1,0,0,0,0,428,1,0.0,5.00177777777778,225080,True,0.142857143,0.358568583,1,225080,15-20,400,0,0,0,0,0,0,0,0,0,6,81,20.31513333,0,0,914181
6,7,F03,20,Seq1,Seq1_20DPH_F03,750,3751,225040,5.000888889,1648,2334,121,0,230.0,20.8,20.7,91.85294118,8.04,,,,,0,0,0,0,0,9,0,0,0,0,2213,9,0.0,5.00177777777778,225080,True,0.476190476,0.813575296,3,225080,15-20,400,0,0,0,0,0,0,0,0,0,20,81,20.02042222,0,0,900919
7,8,F05,24,Seq1,Seq1_24DPH_F05,630,3151,189040,5.001058201,1976,6102,538,0,0.0,67.2,21.1,83.0,8.0,21.1,,,,2,0,0,0,0,63,2,0,0,2,5564,67,0.029850746,5.0021164021164,189080,True,1.952380952,2.710649193,12,189080,21-25,400,0,0,0,0,0,0,0,0,0,73,41,17.31380952,0,0,654462
8,10,F06,8,Seq1,Seq1_08DPH_F06,500,2501,150040,5.001333333,2056,7453,914,0,288.0,0.0,20.1,92.0,8.15,20.1,0.010735202,0.005529297,0.012075489,0,0,2,0,0,127,9,1,1,0,6539,138,0.0,5.00266666666667,150080,True,2.523809524,2.182178902,8,150080,08-14,400,0,0,0,0,1,0,0,1,1,163,61,30.041,1,5,901230
9,11,F06,10,Seq1,Seq1_10DPH_F06,500,2501,150040,5.001333333,930,2035,162,98882,286.0,0.0,20.3,90.0,8.17,20.2,0.011735379,0.009524307,0.015113935,0,3,0,0,0,189,12,3,0,1,1589,203,0.004878049,5.00333333333333,150100,True,0.714285714,0.726273039,2,248982,08-14,400,1,1,1,1,1,0,0,1,2,214,61,28.78903333,2,34,863671
10,12,F06,26,Seq1,Seq1_26DPH_F06,500,2501,150040,5.001333333,598,698,38,0,0.0,71.05,21.3,83.0,8.07,21.5,0.019881205,0.021162134,0.029036124,0,0,0,0,0,10,0,0,0,0,660,10,0.0,5.00266666666667,150080,True,0.238095238,0.43643578,1,150080,26-30,400,0,0,0,0,0,0,0,0,0,13,61,45.22176667,0,0,1356653
11,13,F06,27,Seq1,Seq1_27DPH_F06,500,2501,150040,5.001333333,81,82,1,0,0.0,78.75,21.2,78.0,8.04,21.3,0.016403988,0.008533412,0.018490798,0,0,0,0,0,1,0,0,0,0,81,1,0.0,5.00266666666667,150080,True,0.0,0.0,0,150080,26-30,400,0,0,0,0,0,0,0,0,0,2,61,45.412,0,0,1362360
12,14,F06,27,Seq2,Seq2_27DPH_F06,500,2501,150040,5.001333333,414,492,25,0,0.0,78.75,21.2,78.0,8.04,21.3,0.016403988,0.008533412,0.018490798,0,0,1,0,0,4,3,1,0,0,467,6,0.0,5.00266666666667,150080,True,0.238095238,0.43643578,1,150080,26-30,400,1,0,1,1,0,0,0,0,1,12,61,21.5595,1,50,646785
13,15,F09,16,Seq3,Seq3_16DPH_F09,500,2501,150040,5.001333333,42,42,0,0,264.0,6.9,20.7,110.0,8.12,20.9,0.013552745,0.005957839,0.014804478,0,0,0,0,0,0,0,0,0,0,42,0,,5.00266666666667,150080,True,0.0,0.0,0,150080,15-20,400,0,0,0,0,0,0,0,0,0,1,81,20.04473333,0,0,601342
14,17,F10,9,Seq1,Seq1_09DPH_F10,500,2501,150040,5.001333333,1995,4858,448,0,250.0,0.0,19.9,95.0,8.22,19.8,0.012654498,0.007097972,0.014509215,12,6,4,0,0,393,24,1,0,0,4410,418,0.0,5.00266666666667,150080,True,1.380952381,1.321975434,4,150080,08-14,400,1,1,1,1,0,0,0,0,1,460,101,51.39443333,1,9,1541833
15,18,F10,20,Seq1,Seq1_20DPH_F10,500,2501,150040,5.001333333,270,744,51,0,180.0,6.0,20.4,100.0,8.16,20.0,0.015010849,0.006661484,0.016422568,2,0,0,0,0,13,2,0,0,3,693,18,0.166666667,5.00266666666667,150080,True,0.619047619,2.616795569,12,150080,15-20,400,0,0,0,0,0,0,0,0,0,21,101,59.57696667,0,0,1787309
16,19,F10,24,Seq1,Seq1_24DPH_F10,497,2486,149140,5.001341382,956,1291,63,0,0.0,70.0,20.5,89.0,8.15,20.3,,,,1,0,0,0,0,9,1,0,0,70,1228,80,0.875,5.00268276324614,149180,True,0.857142857,0.91025899,3,149180,21-25,400,0,0,0,0,0,0,0,0,0,199,101,25.79480215,0,0,769201
17,20,F12,23,Seq1,Seq1_23DPH_F12,500,2501,150040,5.001333333,2497,21859,4903,0,325.0,48.6,19.5,88.0,8.16,19.7,,,,0,0,1,0,0,453,1,4,0,0,16956,455,0.0,5.00266666666667,150080,True,7.666666667,3.055050463,12,150080,21-25,400,2,1,2,2,0,3,0,3,5,623,101,10.35513333,5,8,310654
18,21,F12,25,Seq2,Seq2_25DPH_F12,500,2501,150040,5.001333333,2490,44224,16611,0,0.0,70.0,19.7,80.0,8.11,19.7,,,,33,0,8,0,61,322,130,3,1,44,15854,500,0.088,3.06666666666667,92000,True,11.23809524,2.385471901,16,92000,21-25,400,0,0,0,0,2,0,1,3,3,511,101,32.3759,3,5,971277
19,22,F12,26,Seq1,Seq1_26DPH_F12,500,2501,150040,5.001333333,2367,7681,753,0,0.0,87.5,19.7,90.0,8.1,19.5,,,,76,3,0,0,4,414,81,4,1,0,3394,500,0.0,2.57066666666667,77120,True,2.952380952,1.532194194,6,77120,26-30,400,0,0,0,0,2,0,0,2,2,597,101,20.0171,2,16,600513
20,23,F12,26,Seq2,Seq2_26DPH_F12,500,2004,120220,4.007333333,1894,6203,909,0,0.0,87.5,19.7,90.0,8.1,19.5,,,,129,27,2,0,0,313,159,5,22,1,4521,500,0.002,3.43866666666667,103160,True,2.666666667,1.74164673,8,103160,26-30,400,1,1,1,1,4,0,0,4,5,728,101,4.010233333,5,33,120307
21,24,F12,27,Seq2,Seq2_27DPH_F12,500,2501,150040,5.001333333,2458,9724,1097,0,0.0,96.25,19.7,75.0,8.080340909,,,,,3,0,0,0,0,482,15,2,1,1,5709,500,0.001996008,3.11666666666667,93500,True,3.380952381,1.532194194,7,93500,26-30,400,1,1,1,1,0,0,0,0,1,623,101,20.00523333,1,6,600157
22,25,F13,20,Seq2,Seq2_20DPH_F13,500,2501,150040,5.001333333,2473,10852,1182,0,378.0,36.0,20.0,82.0,8.01,19.9,,,,216,13,28,0,6,195,300,2,1,0,3390,500,0.0,1.42666666666667,42800,True,3.619047619,1.802115159,8,42800,15-20,400,1,1,0,1,0,0,0,0,1,547,81,16.9405,1,12,508215
23,26,F13,23,Seq1,Seq1_23DPH_F13,500,2501,150040,5.001333333,1750,3130,172,0,390.0,50.4,19.9,80.0,8.03,19.7,,,,153,17,22,8,9,173,231,1,8,1,2958,414,0.002415459,5.00266666666667,150080,True,1.19047619,1.167006753,5,150080,21-25,400,0,0,0,0,1,1,0,2,2,504,81,20.09326667,2,20,602798
24,27,F13,23,Seq2,Seq2_23DPH_F13,500,2501,150040,5.001333333,2501,25379,5694,0,390.0,50.4,19.9,80.0,8.03,19.7,,,,67,13,0,1,0,421,65,2,12,0,2002,500,0.0,0.414666666666667,12440,True,7.523809524,2.182178902,12,12440,21-25,400,0,0,0,0,2,0,0,2,2,531,81,20.4483,2,38,613449
25,28,F13,30,Seq1,Seq1_30DPH_F13,500,2501,150040,5.001333333,1705,3271,257,0,0.0,112.8,21.3,108.0,8.1,21.3,,,,5,0,0,0,0,49,7,1,0,0,3014,55,0.0,5.00266666666667,150080,True,1.095238095,1.04425868,3,150080,26-30,400,1,0,0,0,0,0,0,0,0,139,81,20.60843333,1,11,618253
26,29,F14,10,Seq2,Seq2_10DPH_F14,544,209,12520,0.383578431,38,40,0,0,400.0,0.0,19.0,90.0,8.18,19.0,,,,0,0,0,0,0,1,0,0,0,0,40,1,0.0,0.384803921568627,12560,True,0.285714286,0.46291005,1,12560,08-14,400,0,0,0,0,0,0,0,0,0,2,61,0.385876225,0,0,12595
27,30,F14,27,Seq1,Seq1_27DPH_F14,500,2501,150040,5.001333333,2501,19719,4458,0,0.0,80.85,20.0,90.0,8.18,21.2,,,,43,12,2,0,0,441,48,4,7,0,3735,500,0.0,1.05666666666667,31700,True,6.047619048,2.499523764,10,31700,26-30,400,1,1,1,1,2,0,0,2,3,552,61,20.07003333,3,28,602101
28,31,F14,27,Seq2,Seq2_27DPH_F14,500,2501,150040,5.001333333,2422,8902,1050,0,0.0,80.85,20.0,90.0,8.18,21.2,,,,195,19,1,1,0,239,249,3,7,1,4583,500,0.002004008,2.84266666666667,85280,True,3.428571429,1.287300609,5,85280,26-30,400,0,0,0,0,2,0,1,3,3,577,61,20.13293333,3,18,603988
29,32,F15,24,Seq3,Seq3_24DPH_F15,498,2491,149440,5.001338688,1148,1562,82,0,,,19.6,91.85294118,8.11,19.6,,,,21,5,0,0,0,73,25,1,1,0,1480,100,0.0,5.00267737617135,149480,True,0.523809524,0.74960307,3,149480,21-25,400,1,1,1,1,0,0,0,0,1,174,71,13.8708166,1,23,414460
30,33,F15,28,Seq2,Seq2_28DPH_F15,500,2501,150040,5.001333333,1923,4505,473,0,0.0,84.0,19.6,87.0,8.15,19.5,,,,9,3,0,0,0,117,12,0,3,0,4032,132,0.0,5.00266666666667,150080,True,1.428571429,1.502379066,5,150080,26-30,400,0,0,0,0,0,0,0,0,0,237,71,20.04276667,0,0,601283
31,34,F15,30,Seq1,Seq1_30DPH_F15,500,2501,150040,5.001333333,1857,4223,400,0,0.0,101.5,20.9,100.0,8.1,21.3,,,,7,6,0,0,0,85,14,4,0,0,3823,99,0.0,5.00266666666667,150080,True,1.047619048,1.160869953,4,150080,26-30,400,2,0,0,0,0,0,0,0,0,158,71,22.16896667,2,23,665069
32,35,F15,30,Seq2,Seq2_30DPH_F15,500,2501,150040,5.001333333,2149,5355,565,0,0.0,101.5,20.9,100.0,8.1,21.3,,,,45,1,1,0,0,228,46,4,5,0,4790,281,0.0,5.00266666666667,150080,True,1.761904762,1.04425868,4,150080,26-30,400,3,2,3,3,0,1,0,1,4,379,71,19.72343333,4,27,591703
33,36,F18,11,Seq1,Seq1_11DPH_F18,500,2501,150040,5.001333333,2501,30364,9026,0,195.0,0.0,19.0,105.0,8.06,19.1,,,,209,61,52,151,0,129,371,0,0,0,1202,500,0.0,0.150666666666667,4520,False,9.428571429,2.580143961,15,4520,08-14,400,0,0,0,0,0,0,0,0,0,505,51,19.99303333,0,0,599791
34,37,F18,9,Seq1,Seq1_09DPH_F18,500,2501,150040,5.001333333,1564,2680,114,0,254.0,0.0,19.5,95.0,8.17,19.6,,,,2,4,1,48,0,379,117,2,2,0,1496,500,0.0,2.57066666666667,77120,False,1.095238095,1.300183137,4,77120,08-14,400,0,0,0,0,0,0,2,2,2,509,51,20.25093333,2,43,607528
35,38,F16,8,Seq2,Seq2_08DPH_F16,500,2501,150040,5.001333333,2427,10054,1173,0,40.0,0.0,18.9,106.0,8.2,18.6,,,,16,8,16,1,0,440,60,0,0,0,3510,500,0.0,1.66666666666667,50000,False,3.380952381,1.499206139,6,50000,08-14,400,0,0,0,0,0,0,0,0,0,555,21,20.21166667,0,0,606350
36,39,F17,9,Seq2,Seq2_09DPH_F17,500,2501,150040,5.001333333,2188,3165,274,0,252.0,0.0,19.0,91.0,8.22,19.1,,,,11,0,4,24,0,180,48,1,0,0,2894,229,0.0,5.00466666666667,150140,False,1.19047619,0.601585208,2,150140,08-14,400,0,0,0,0,1,0,0,1,1,235,41,30.0028,1,10,900084
37,40,F17,11,Seq1,Seq1_11DPH_F17,500,2501,150040,5.001333333,1816,3081,164,0,254.0,0.0,19.1,97.0,8.16,19.3,0.013749361,0.009475982,0.016698464,27,5,5,34,0,251,90,0,3,0,2918,344,0.0,5.00466666666667,150140,False,1.047619048,0.973457265,3,150140,08-14,400,0,0,0,0,0,0,0,0,0,362,41,18.65543333,0,0,559663
38,41,F10,8,Seq1,Seq1_08DPH_F10,290,1451,87040,5.002298851,239,281,12,0,168.0,0.0,20.1,97.0,8.23,20.2,0.012425671,0.006945473,0.014235051,1,0,0,0,0,30,1,1,0,0,269,32,0.0,5.00459770114943,87080,True,0.19047619,0.402373908,1,87080,08-14,400,0,0,0,0,1,0,0,1,1,34,101,30.19229885,1,63,525346
39,42,F14,10,Seq1,Seq1_10DPH_F14,544,2721,163240,5.00122549,1243,1721,77,0,400.0,0.0,19.0,90.0,8.18,19.0,,,,0,0,0,2,0,100,2,1,0,0,1644,103,0.0,5.00245098039216,163280,True,0.619047619,0.804747816,3,163280,08-14,400,0,0,0,0,0,0,1,1,1,111,61,10.01660539,1,19,326942
40,43,F14,10,Seq3,Seq3_10DPH_F14,544,2721,163240,5.00122549,840,1063,58,0,400.0,0.0,19.0,90.0,8.18,19.0,,,,0,1,0,0,0,34,1,0,0,6,1005,41,0.146341463,5.00245098039216,163280,True,0.571428571,0.810643483,3,163280,08-14,400,1,0,0,0,0,0,0,0,0,44,61,11.36360294,1,21,370908
41,44,F06,11,Seq1,Seq1_11DPH_F06,643,3216,192940,5.001036807,687,848,55,0,284.0,0.0,20.2,92.0,8.15,20.1,0.011735379,0.009524307,0.015113935,0,3,0,0,0,1,4,0,0,0,793,5,0.0,5.00207361327112,192980,True,0.19047619,0.511766316,2,192980,08-14,400,0,0,0,0,0,0,0,0,0,10,61,31.1188958,0,0,1200567
42,45,F03,11,Seq1,Seq1_11DPH_F03,750,3751,225040,5.000888889,3276,8365,764,0,247.0,,18.9,94.0,8.13,,,,,0,0,0,0,0,323,0,0,0,0,7601,323,0.0,5.00177777777778,225080,True,1.952380952,1.716863142,6,225080,08-14,400,0,0,0,0,0,0,0,0,0,469,81,20.00131111,0,0,900059
43,47,F09,10,Seq1,Seq1_10DPH_F09,500,2501,150040,5.001333333,1084,1574,112,0,65.0,0.0,21.1,120.0,8.12,21.0,0.014435803,0.006535978,0.015846485,0,1,0,0,0,19,1,0,0,0,1462,20,0.0,5.00266666666667,150080,True,0.619047619,0.864649668,3,150080,08-14,400,0,0,0,0,0,0,0,0,0,35,81,34.26086667,0,0,1027826
44,48,F09,12,Seq1,Seq1_12DPH_F09,500,2501,150040,5.001333333,151,168,9,0,295.0,0.0,20.9,97.0,8.14,20.7,0.012229402,0.005831944,0.013548788,0,0,0,0,0,0,0,0,0,0,159,0,,5.00266666666667,150080,True,0.142857143,0.358568583,1,150080,08-14,400,0,0,0,0,0,0,0,0,0,0,81,40.80016667,0,0,1224005
45,49,F18,22,Seq1,Seq1_22DPH_F18,500,2501,150040,5.001333333,2198,7376,1584,98000,378.0,37.0,20.3,68.0,8.03,20.1,,,,329,49,5,1,0,94,400,5,0,1,2601,500,0.002,1.45466666666667,43640,False,4.214285714,2.006856379,8,141640,21-25,400,0,0,0,0,4,1,0,5,5,540,51,19.99906667,5,49,599972
46,50,F17,13,Seq1,Seq1_13DPH_F17,500,2501,150040,5.001333333,1789,3237,137,0,195.0,0.0,19.0,108.0,8.13,18.9,,,,10,1,3,5,0,205,35,1,0,0,3100,246,0.0,5.00266666666667,150080,False,1.19047619,0.980767435,3,150080,08-14,400,0,0,0,0,1,0,0,1,1,277,41,20.029,1,10,600870
47,51,F17,18,Seq1,Seq1_18DPH_F17,500,2501,150040,5.001333333,2498,12095,1555,0,260.0,0.0,20.0,85.0,7.88,19.9,0.018095824,0.039435647,0.043389164,344,51,3,1,0,97,372,2,27,2,6552,500,0.004,3.07866666666667,92360,False,3.80952381,1.249761882,6,92360,15-20,400,0,0,0,0,2,0,0,2,2,806,41,9.5249,2,10,285747
48,53,F19,18,Seq1,Seq1_18DPH_F19,500,2501,150040,5.001333333,1758,3793,292,0,300.0,,20.4,100.0,7.98,20.02,,,,230,13,13,6,3,159,279,3,2,57,1969,500,0.114,1.88666666666667,56600,False,1.238095238,1.670471847,7,56600,15-20,400,0,0,0,0,2,0,1,3,3,518,31,20.01106667,3,77,600332
49,54,F18,18,Seq2,Seq2_18DPH_F18,500,2501,150040,5.001333333,1098,1632,49,0,253.0,,20.1,90.0,8.0,20.2,0.010738074,0.003848532,0.011406899,33,4,2,1,0,165,37,1,2,0,1583,205,0.0,5.00266666666667,150080,False,0.619047619,0.864649668,3,150080,15-20,400,0,0,0,0,0,0,1,1,1,219,51,20.0263,1,19,600789
50,55,F17,13,Seq2,Seq2_13DPH_F17,500,2501,150040,5.001333333,1694,2652,113,0,195.0,0.0,19.0,108.0,8.13,18.9,,,,15,2,6,1,0,85,34,0,1,0,2539,120,0.0,5.00266666666667,150080,False,0.952380952,0.973457265,3,150080,08-14,400,0,0,0,0,0,0,0,0,0,160,41,20.00966667,0,0,600290
51,56,F18,16,Seq1,Seq1_16DPH_F18,500,2501,150040,5.001333333,2486,8439,1526,54000,260.0,8.4,19.7,93.0,8.13,19.6,,,,25,3,2,1,0,47,47,0,3,0,7810,97,0.0,5.00466666666667,150140,False,3.6875,2.868652413,11,204140,15-20,400,0,0,0,0,0,0,0,0,0,178,51,20.59006667,0,0,617702
52,57,F17,18,Seq2,Seq2_18DPH_F17,500,2501,150040,5.001333333,2500,10347,963,0,260.0,0.0,20.0,85.0,7.88,19.9,0.018095824,0.039435647,0.043389164,305,27,7,0,0,137,332,0,30,1,5287,500,0.002,2.97066666666667,89120,False,3.523809524,1.030487633,5,89120,15-20,400,0,0,0,0,0,0,0,0,0,647,41,15.0065,0,0,450195
53,58,F17,20,Seq1,Seq1_20DPH_F17,500,2501,150040,5.001333333,1309,2047,243,0,370.0,0.0,20.0,93.0,7.99,20.1,0.016148558,0.006954664,0.017582462,177,10,1,8,0,131,212,2,7,0,1804,356,0.0,5.00266666666667,150080,False,0.523809524,0.679635757,2,150080,15-20,400,0,0,0,0,2,0,0,2,2,411,41,20.1762,2,46,605286
54,59,F02,13,Seq2,Seq2_13DPH_F02,850,4251,255040,5.000784314,3308,6517,586,0,240.0,0.0,18.7,100.0,8.080340909,,,,,0,0,0,0,0,2,1,2,0,0,5931,5,0.0,5.00156862745098,255080,True,1.714285714,1.23056317,4,255080,08-14,400,0,0,0,0,0,1,1,2,2,63,41,7.013372549,2,14,357682
55,60,F16,14,Seq2,Seq2_14DPH_F16,500,2501,150040,5.001333333,1219,1904,104,0,250.0,1.1,19.0,92.0,8.28,19.3,,,,45,8,2,5,0,80,66,3,0,0,1800,149,0.0,5.00266666666667,150080,False,0.666666667,0.856348839,3,150080,08-14,400,0,0,0,0,2,0,0,2,2,191,21,21.15316667,2,36,634595
56,61,F16,16,Seq2,Seq2_16DPH_F16,500,2501,150040,5.001333333,396,478,19,0,220.0,6.9,19.8,98.0,8.13,19.7,,,,12,1,2,0,0,27,16,1,0,0,459,44,0.0,5.00266666666667,150080,False,0.285714286,0.46291005,1,150080,15-20,400,0,0,0,0,0,0,1,1,1,52,21,19.80963333,1,42,594289
57,62,F11,19,Seq1,Seq1_19DPH_F11,500,2501,150040,5.001333333,904,1225,70,0,289.0,14.85,20.7,86.0,8.080340909,,,,,16,1,0,0,0,42,17,0,2,0,1155,61,0.0,5.00266666666667,150080,True,0.428571429,0.597614305,2,150080,15-20,400,0,0,0,0,0,0,0,0,0,72,81,5.6334,0,0,169002
58,63,F02,19,Seq3,Seq3_19DPH_F02,748,3741,224440,5.000891266,1236,1535,67,0,0.0,30.0,20.2,93.0,8.080340909,,,,,16,3,1,0,0,14,20,0,0,0,1468,34,0.0,5.0017825311943,224480,True,0.476190476,0.601585208,2,224480,15-20,400,0,0,0,0,0,0,0,0,0,72,41,5.665909091,0,0,254286
59,65,F13,20,Seq1,Seq1_20DPH_F13,500,2501,150040,5.001333333,1784,3785,238,0,378.0,36.0,20.0,82.0,8.01,19.9,,,,24,1,0,1,0,431,25,0,1,1,3547,458,0.002183406,5.00266666666667,150080,True,2.047619048,1.596126263,6,150080,15-20,400,0,0,0,0,0,0,0,0,0,502,81,21.07706667,0,0,632312
60,66,F06,19,Seq1,Seq1_19DPH_F06,500,2501,150040,5.001333333,186,201,12,0,316.0,1.78,21.4,90.0,8.05,20.9,0.01354811,0.006189929,0.01489518,0,0,0,0,0,6,0,0,0,0,189,6,0.0,5.00266666666667,150080,True,0.095238095,0.300792604,1,150080,15-20,400,0,0,0,0,0,0,0,0,0,7,61,49.90773333,0,0,1497232
61,67,F06,20,Seq1,Seq1_20DPH_F06,500,2501,150040,5.001333333,1449,3496,333,0,310.0,2.5,21.3,113.0,8.16,21.1,0.0145902,0.012405382,0.019151158,2,0,0,0,0,34,2,0,0,1,3163,37,0.027027027,5.00266666666667,150080,True,0.857142857,2.151411497,10,150080,15-20,400,0,0,0,0,0,0,0,0,0,44,61,60.19616667,0,0,1805885
62,68,F06,21,Seq2,Seq2_21DPH_F06,500,2501,150040,5.001333333,2083,4725,332,0,430.0,32.4,21.3,103.0,8.11,21.1,0.011589935,0.005241815,0.012720183,2,0,0,0,0,50,2,0,0,0,4393,52,0.0,5.00266666666667,150080,True,2.142857143,1.8516402,7,150080,21-25,400,0,0,0,0,0,0,0,0,0,60,61,18.00463333,0,0,540139
63,70,F02,16,Seq1,Seq1_16DPH_F02,500,2501,150040,5.001333333,2447,4269,210,0,195.0,6.0,19.5,99.0,8.080340909,,,,,3,2,1,0,0,79,4,0,0,0,4059,83,0.0,5.00266666666667,150080,True,2.0,0.948683298,4,150080,15-20,400,0,0,0,0,0,0,0,0,0,121,41,19.99836667,0,0,599951
64,71,F02,20,Seq3,Seq3_20DPH_F02,750,3380,202780,4.506222222,2467,4375,259,0,0.0,24.0,20.2,90.0,8.080340909,,,,,0,0,0,0,0,17,0,0,0,0,4116,17,0.0,4.50711111111111,202820,True,1.285714286,1.189237451,4,202820,15-20,400,1,0,1,1,0,0,0,0,1,50,41,4.507511111,1,10,202838
65,72,F11,19,Seq3,Seq3_19DPH_F11,500,1751,105040,3.501333333,1318,3429,443,0,289.0,14.85,20.7,86.0,8.080340909,,,,,0,0,0,0,0,54,0,0,0,0,4458,54,0.0,5.00266666666667,150080,True,1.904761905,1.813966976,7,150080,15-20,400,0,0,0,0,0,0,0,0,0,86,81,15.4044,0,0,462132
66,73,F16,27,Seq3,Seq3_27DPH_F16,500,2501,150040,5.001333333,1698,2926,164,0,0.0,87.5,20.1,107.0,7.9,20.5,,,,63,4,1,0,1,69,75,3,2,8,2762,157,0.050955414,5.00266666666667,150080,False,1.095238095,0.94365046,4,150080,26-30,400,0,0,0,0,0,0,1,1,1,196,21,19.91833333,1,11,597550
67,74,F19,27,Seq1,Seq1_27DPH_F19,500,2501,150040,5.001333333,2500,11727,1434,0,0.0,75.6,20.3,101.0,8.1,20.2,,,,220,13,10,0,37,168,299,2,11,20,4760,500,0.04,2.59466666666667,77840,False,4.19047619,1.833549771,7,77840,26-30,400,0,0,0,0,0,1,2,3,3,555,31,20.0239,3,17,600717
68,75,F16,23,Seq1,Seq1_23DPH_F16,500,2501,150040,5.001333333,2501,20341,2513,0,345.0,48.6,19.9,100.0,8.01,19.8,,,,329,19,22,0,0,130,362,4,4,0,8113,500,0.0,2.21666666666667,66500,False,8.0,1.549193338,11,66500,21-25,400,0,0,0,0,3,0,0,3,3,572,21,12.11866667,3,10,363560
69,76,F17,26,Seq1,Seq1_26DPH_F17,500,2501,150040,5.001333333,2497,7589,477,0,0.0,72.45,20.3,85.0,8.02,20.3,0.012695368,0.005762856,0.01394212,107,25,2,1,0,274,158,0,2,66,3000,500,0.132,2.13466666666667,64040,False,2.857142857,1.651838802,8,64040,26-30,400,0,0,0,0,0,0,0,0,0,544,41,20.01673333,0,0,600502
70,77,F19,25,Seq1,Seq1_25DPH_F19,500,2501,150040,5.001333333,2462,12703,2029,0,0.0,87.5,20.6,102.0,8.08,20.1,,,,396,20,6,1,39,56,431,3,10,0,9615,500,0.0,4.47866666666667,134360,False,4.238095238,2.165750722,9,134360,21-25,400,0,0,0,0,3,0,0,3,3,598,31,22.87493333,3,9,686248
71,78,F11,26,Seq2,Seq2_26DPH_F11,500,2501,150040,5.001333333,2410,9520,954,0,0.0,72.8,20.4,94.0,8.11,21.0,,,,215,6,6,0,51,288,222,0,23,1,8566,534,0.001872659,5.00266666666667,150080,True,3.857142857,1.8516402,8,150080,26-30,400,0,0,0,0,0,0,0,0,0,569,81,19.86826667,0,0,596048
72,79,F16,29,Seq1,Seq1_29DPH_F16,500,2501,150040,5.001333333,2491,8237,677,0,0.0,103.95,21.3,107.0,8.01,21.3,,,,38,0,2,0,3,347,71,1,0,81,4227,500,0.162,2.76866666666667,83060,False,2.285714286,1.007117528,4,83060,26-30,400,0,0,0,0,0,0,1,1,1,577,21,22.57946667,1,9,677384
73,80,F10,24,Seq3,Seq3_24DPH_F10,500,2501,150040,5.001333333,1442,3678,277,0,0.0,70.0,20.5,89.0,8.15,20.3,,,,41,1,2,0,1,150,47,1,1,182,3401,381,0.477690289,5.00266666666667,150080,True,1.095238095,0.94365046,3,150080,21-25,400,0,0,0,0,1,0,0,1,1,435,101,8.615466667,1,11,258464
74,81,F18,24,Seq1,Seq1_24DPH_F18,500,2501,150040,5.001333333,1878,5175,436,0,0.0,56.35,20.4,93.0,8.02,20.3,,,,114,17,9,0,6,331,166,0,0,0,4739,497,0.0,5.00266666666667,150080,False,2.238095238,1.841324575,6,150080,21-25,400,0,0,0,0,0,0,0,0,0,584,51,6.111266667,0,0,183338
75,82,F15,28,Seq1,Seq1_28DPH_F15,500,2501,150040,5.001333333,2373,9549,1443,0,0.0,84.0,19.6,87.0,8.15,19.5,,,,70,11,1,0,0,124,71,2,7,0,8106,204,0.0,5.00266666666667,150080,True,2.857142857,1.982062418,7,150080,26-30,400,2,1,0,1,1,0,0,1,2,335,71,20.16246667,3,13,604874
76,83,F16,27,Seq1,Seq1_27DPH_F16,500,2501,150040,5.001333333,2444,10888,1485,0,0.0,87.5,20.1,107.0,7.9,20.5,,,,196,24,9,0,1,238,261,1,0,0,2404,500,0.0,1.19666666666667,35900,False,3.571428571,1.567527626,6,35900,26-30,400,0,0,0,0,1,0,0,1,1,540,21,5.110333333,1,14,153310
77,84,F03,23,Seq1,Seq1_23DPH_F03,750,3751,225040,5.000888889,1262,1546,102,0,370.0,46.5,21.1,91.85294118,7.85,,,,,0,0,0,0,0,4,1,2,0,0,1444,7,0.0,5.00177777777778,225080,True,0.333333333,0.483045892,1,225080,21-25,400,0,0,0,0,0,1,1,2,2,11,81,13.77453333,2,72,619854
78,85,F16,29,Seq3,Seq3_29DPH_F16,500,2501,150040,5.001333333,2499,6759,356,0,0.0,103.95,21.3,107.0,8.01,21.3,,,,64,8,1,0,5,274,92,0,0,134,6071,500,0.268,4.75666666666667,142700,False,2.619047619,1.499206139,6,142700,26-30,400,0,0,0,0,0,0,0,0,0,611,21,19.25863333,0,0,577759
79,86,F02,30,Seq3,Seq3_30DPH_F02,746,3731,223840,5.000893655,747,843,61,0,0.0,110.6,22.0,75.0,8.080340909,,,,,10,0,1,0,0,0,12,2,1,0,782,15,0.0,5.0017873100983,223880,True,0.285714286,0.643650304,2,223880,26-30,400,2,2,2,2,0,0,0,0,2,38,41,5.643610366,2,84,252608
80,87,F16,27,Seq2,Seq2_27DPH_F16,500,2501,150040,5.001333333,2329,7366,785,0,0.0,87.5,20.1,107.0,7.9,20.5,,,,195,19,4,0,0,244,253,1,2,0,2492,500,0.0,1.94266666666667,58280,False,2.238095238,1.578124263,5,58280,26-30,400,0,0,0,0,1,0,0,1,1,539,21,13.8444,1,14,415332
81,88,F12,23,Seq2,Seq2_23DPH_F12,500,2501,150040,5.001333333,1970,9611,1810,0,325.0,48.6,19.5,88.0,8.16,19.7,,,,3,0,0,0,0,479,10,2,0,9,2743,500,0.018,2.31266666666667,69380,True,3.142857143,1.8516402,8,69380,21-25,400,0,0,0,0,1,0,1,2,2,516,101,11.60696667,2,17,348209
82,89,F16,23,Seq2,Seq2_23DPH_F16,500,2501,150040,5.001333333,2498,15429,1913,0,345.0,48.6,19.9,100.0,8.01,19.8,,,,258,24,24,0,0,185,314,1,0,0,4539,500,0.0,1.68466666666667,50540,False,5.666666667,2.12916259,11,50540,21-25,400,0,0,0,0,1,0,0,1,1,534,21,19.9903,1,6,599709
83,90,F08,25,Seq1,Seq1_25DPH_F08,500,2501,150040,5.001333333,923,1480,107,0,0.0,53.9,21.2,93.0,8.06,21.3,0.025936457,0.032921766,0.041911064,11,0,0,0,0,48,10,1,1,11,1373,71,0.154929577,5.00266666666667,150080,False,0.619047619,0.973457265,4,150080,21-25,400,0,0,0,0,1,0,0,1,1,92,61,47.0519,1,19,1411557
84,91,F08,24,Seq1,Seq1_24DPH_F08,500,2501,150040,5.001333333,1710,3085,255,0,0.0,45.5,21.3,93.0,8.09,21.1,0.013452729,0.008258892,0.01578559,32,1,2,0,0,60,32,0,3,2,2830,97,0.020618557,5.00266666666667,150080,False,0.904761905,1.04425868,3,150080,21-25,400,0,0,0,0,0,1,0,1,1,157,61,49.55903333,1,13,1486771
85,92,F05,29,Seq2,Seq2_29DPH_F05,750,2412,144700,3.215555556,639,754,29,0,0.0,126.0,22.1,87.0,8.01,21.8,,,,0,0,0,0,0,3,0,1,1,0,725,5,0.0,3.21644444444444,144740,True,0.380952381,0.589592272,2,144740,26-30,400,0,0,0,0,1,1,0,2,2,11,41,3.217266667,2,98,144777
86,93,F11,27,Seq3,Seq3_27DPH_F11,500,2501,150040,5.001333333,1188,1792,58,0,0.0,79.8,20.4,77.0,8.080340909,,,,,7,1,1,0,1,84,7,0,2,0,1734,93,0.0,5.00266666666667,150080,True,0.952380952,1.116968687,3,150080,26-30,400,0,0,0,0,0,0,0,0,0,122,81,17.5385,0,0,526155
87,94,F12,27,Seq1,Seq1_27DPH_F12,500,2501,150040,5.001333333,2370,7576,700,0,0.0,96.25,19.7,75.0,8.080340909,,,,,3,0,2,0,5,447,17,1,3,0,6876,468,0.0,5.00266666666667,150080,True,3.0,2.024845673,6,150080,26-30,400,0,0,0,0,0,1,1,2,2,609,101,20.00523333,2,8,600157
88,95,F11,27,Seq1,Seq1_27DPH_F11,500,2501,150040,5.001333333,549,701,31,0,0.0,79.8,20.4,77.0,8.080340909,,,,,15,0,0,0,7,3,19,0,0,0,670,22,0.0,5.00266666666667,150080,True,0.380952381,0.74001287,3,150080,26-30,400,0,0,0,0,0,0,0,0,0,31,81,17.5385,0,0,526155
89,96,F18,28,Seq2,Seq2_28DPH_F18,500,2501,150040,5.001333333,803,1008,20,0,0.0,89.25,20.5,77.0,7.99,20.3,,,,6,0,1,0,19,32,40,1,1,0,988,74,0.0,5.00266666666667,150080,False,0.523809524,0.601585208,2,150080,26-30,400,0,0,0,0,0,0,1,1,1,88,51,22.98886667,1,23,689666
90,97,F05,25,Seq1,Seq1_25DPH_F05,750,3751,225040,5.000888889,3126,11448,1280,0,0.0,75.6,21.2,80.0,8.03,21.2,,,,0,0,1,0,0,272,1,1,0,12,10168,286,0.041958042,5.00177777777778,225080,True,2.857142857,2.031888636,6,225080,21-25,400,0,0,0,0,1,1,0,2,2,364,41,30.36708889,2,8,1366519
91,98,F13,30,Seq2,Seq2_30DPH_F13,500,2501,150040,5.001333333,1596,2853,180,0,0.0,112.8,21.3,108.0,8.1,21.3,,,,2,1,0,0,1,46,4,0,0,0,2673,50,0.0,5.00266666666667,150080,True,1.19047619,1.123345344,4,150080,26-30,400,0,0,0,0,0,0,0,0,0,85,81,20.60843333,0,0,618253
92,99,F15,23,Seq3,Seq3_23DPH_F15,500,2501,150040,5.001333333,2314,7127,824,0,377.0,50.4,20.0,80.0,8.03,19.7,,,,45,14,2,0,0,397,54,0,5,0,6303,456,0.0,5.00266666666667,150080,True,2.476190476,1.470341716,5,150080,21-25,400,0,0,0,0,0,5,0,5,5,643,71,9.778566667,5,24,293357
93,101,F11,23,Seq1,Seq1_23DPH_F11,500,2501,150040,5.001333333,1509,2894,287,0,100.0,14.21,23.0,76.0,7.88,21.0,,,,11,2,0,0,0,6,11,0,1,0,2607,18,0.0,5.00266666666667,150080,True,1.0,1.264911064,4,150080,21-25,400,0,0,0,0,0,0,0,0,0,100,81,15.003,0,0,450090
94,102,F11,23,Seq2,Seq2_23DPH_F11,500,2501,150040,5.001333333,2426,8484,1001,0,100.0,14.21,23.0,76.0,7.88,21.0,,,,10,1,0,0,0,34,9,0,2,0,7483,45,0.0,5.00266666666667,150080,True,3.571428571,2.087377028,8,150080,21-25,400,0,0,0,0,0,1,0,1,1,304,81,13.704,1,3,411120
95,103,F10,24,Seq2,Seq2_24DPH_F10,500,2501,150040,5.001333333,1563,2651,215,0,0.0,70.0,20.5,89.0,8.15,20.3,,,,41,0,1,0,0,165,45,0,7,71,2436,288,0.246527778,5.00266666666667,150080,True,0.476190476,0.679635757,2,150080,21-25,400,0,0,0,0,0,0,0,0,0,368,101,31.51266667,0,0,945380
96,104,F02,13,Seq1,Seq1_13DPH_F02,850,4251,255040,,3403,7780,680,0,240.0,0.0,18.7,100.0,8.09267653276279,,,,,2,0,0,0,0,6,2,0,0,0,7100,8,0.0,5.00156862745098,255080,True,1.857142857,1.195228609,4,255080,08-14,400,0,0,0,0,0,0,0,0,0,104,41,8.581862745,0,0,437675
97,105,F02,18,Seq1,Seq1_18DPH_F02,500,2501,150040,,2365,7835,749,0,150.0,17.0,20.4,92.0,8.09267653276279,,,,,2,0,0,0,0,175,3,0,0,0,7086,178,0.0,5.00266666666667,150080,True,3.333333333,1.712697677,7,150080,15-20,400,0,0,0,0,0,0,0,0,0,214,41,20.0027,0,0,600081
98,106,F02,18,Seq2,Seq2_18DPH_F02,500,2501,150040,,1523,2400,124,0,150.0,17.0,20.4,92.0,8.09267653276279,,,,,0,0,1,0,0,103,2,0,0,0,2276,105,0.0,5.00266666666667,150080,True,0.5714285714,0.7464200273,2,150080,15-20,400,0,0,0,0,0,0,0,0,0,113,41,8.293833333,0,0,248815
99,107,F02,18,Seq3,Seq3_18DPH_F02,750,3751,225040,,2838,5284,300,0,150.0,17.0,20.4,92.0,8.09267653276279,,,,,0,0,0,0,0,35,0,0,0,0,4984,35,0.0,5.00177777777778,225080,True,1.333333333,1.354006401,5,225080,15-20,400,0,0,0,0,0,1,0,1,1,59,41,13.81817778,1,9,621818
100,108,F02,19,Seq1,Seq1_19DPH_F02,748,3741,224440,,1450,1985,116,0,0.0,30.0,20.2,93.0,8.09267653276279,,,,,33,0,2,0,0,9,34,0,2,0,1869,45,0.0,5.0017825311943,224480,True,0.7619047619,0.9952267031,4,224480,15-20,400,0,0,0,0,0,0,0,0,0,87,41,6.647994652,0,0,298362
101,109,F02,19,Seq2,Seq2_19DPH_F02,748,3741,224440,,1664,2171,96,0,0.0,30.0,20.2,93.0,8.09267653276279,,,,,21,0,1,0,0,17,21,0,1,0,2075,39,0.0,5.0017825311943,224480,True,0.3333333333,0.4830458915,1,224480,15-20,400,0,0,0,0,0,0,0,0,0,95,41,6.023195187,0,0,270321
102,110,F02,19,Seq4,Seq4_19DPH_F02,748,3741,224440,,1422,1792,82,0,0.0,30.0,20.2,93.0,8.09267653276279,,,,,23,0,0,0,0,14,23,0,0,0,1710,37,0.0,5.0017825311943,224480,True,0.2857142857,0.4629100499,1,224480,15-20,400,0,0,0,0,0,0,0,0,0,74,41,5.667959002,0,0,254378
103,111,F02,20,Seq1,Seq1_20DPH_F02,750,3751,225040,,2424,4194,202,0,0.0,24.0,20.2,90.0,8.09267653276279,,,,,0,0,0,0,0,2,0,0,0,0,3992,2,0.0,5.00177777777778,225080,True,1.095238095,1.04425868,4,225080,15-20,400,0,0,0,0,0,0,0,0,0,45,41,9.463844444,0,0,425873
104,112,F02,20,Seq2,Seq2_20DPH_F02,750,3751,225040,,2832,6081,416,0,0.0,24.0,20.2,90.0,8.09267653276279,,,,,0,1,0,0,0,25,1,0,0,0,5665,26,0.0,5.00177777777778,225080,True,1.285714286,1.23056317,3,225080,15-20,400,0,0,0,0,0,0,0,0,0,104,41,6.002088889,0,0,270094
105,113,F02,24,Seq1,Seq1_24DPH_F02,750,3751,225040,,817,1012,68,0,0.0,54.0,20.6,76.0,8.09267653276279,,,,,0,0,0,0,0,18,0,0,0,0,944,9,0.0,5.00177777777778,225080,True,0.09523809524,0.3007926038,1,225080,21-25,400,0,0,0,0,0,0,0,0,0,20,41,15.00231111,0,0,675104
106,114,F02,24,Seq2,Seq2_24DPH_F02,750,3751,225040,,1488,2140,150,0,0.0,54.0,20.6,76.0,8.09267653276279,,,,,0,0,0,0,0,5,0,0,0,0,1990,5,0.0,5.00177777777778,225080,True,0.5714285714,0.8106434834,3,225080,21-25,400,0,0,0,0,0,0,0,0,0,9,41,5.022355556,0,0,226006
107,115,F02,25,Seq2,Seq2_25DPH_F02,750,1627,97600,,1332,3243,287,0,0.0,36.0,20.7,81.0,8.09267653276279,,,,,1,0,0,0,0,42,1,0,0,0,2956,43,0.0,2.16977777777778,97640,True,1.666666667,1.154700538,5,97640,21-25,400,0,0,0,0,0,0,0,0,0,95,41,2.170355556,0,0,97666
108,116,F02,30,Seq2,Seq2_30DPH_F02,749,3746,224740,,1250,1754,119,0,0.0,110.6,22.0,75.0,8.09267653276279,,,,,8,2,1,0,0,5,10,0,0,0,1635,15,0.0,5.00178015131286,224780,True,0.4285714286,0.5976143047,2,224780,26-30,400,0,0,0,0,0,0,0,0,0,58,41,5.847329773,0,0,262779
109,117,F02,30,Seq4,Seq4_30DPH_F02,750,3751,225040,,743,824,27,0,0.0,110.6,22.0,75.0,8.09267653276279,,,,,21,2,0,0,0,7,24,0,0,1,797,32,0.03125,5.00177777777778,225080,True,0.1904761905,0.4023739081,1,225080,26-30,400,0,0,0,0,0,0,0,0,0,55,41,5.028333333,0,0,226275
110,118,F03,13,Seq1,Seq1_13DPH_F03,750,3751,225040,,238,242,4,0,270.0,,18.9,88.0,8.13,,,,,0,0,0,0,0,7,0,0,0,0,238,7,0.0,5.00177777777778,225080,True,0.04761904762,0.2182178902,1,225080,08-14,400,0,0,0,0,0,0,0,0,0,12,81,19.13468889,0,0,861061
111,119,F03,18,Seq1,Seq1_18DPH_F03,750,3751,225040,,660,747,22,0,302.0,12.0,20.9,91.4563279858009,8.01,,,,,1,0,0,0,0,0,1,0,0,0,725,1,0.0,5.00177777777778,225080,True,0.2380952381,0.5389584311,2,225080,15-20,400,0,0,0,0,0,0,0,0,0,7,81,20.18624444,0,0,908381
112,120,F03,27,Seq1,Seq1_27DPH_F03,750,3751,225040,,122,124,1,0,,84.0,21.5,100.0,8.03,,,,,0,0,0,0,0,0,0,0,0,0,123,0,,5.00177777777778,225080,True,0.04761904762,0.2182178902,1,225080,26-30,400,0,0,0,0,0,0,0,0,0,2,81,30.08084444,0,0,1353638
113,132,F05,24,Seq2,Seq2_24DPH_F05,406,2031,121840,,1499,3173,227,0,0.0,67.2,21.1,83.0,8.0,,,,,0,0,0,0,0,69,0,0,0,0,2946,69,0.0,5.00328407224959,121880,True,1.333333333,1.197219,4,121880,21-25,400,0,0,0,0,0,0,0,0,0,79,41,28.50845649,0,0,694466
114,133,F05,29,Seq1,Seq1_29DPH_F05,750,3751,225040,,715,2050,276,0,0.0,126.0,22.1,87.0,8.01,,,,,0,0,0,0,0,0,0,0,0,1,1774,1,1.0,5.00177777777778,225080,True,0.2380952381,0.5389584311,2,225080,26-30,400,0,0,0,0,0,0,0,0,0,2,41,10.46535556,0,0,470941
115,134,F05,30,Seq1,Seq1_30DPH_F05,750,3751,225040,,879,1118,72,0,0.0,136.8,23.4,83.0,7.99,,,,,0,0,0,0,0,2,0,0,0,0,1046,2,0.0,5.00177777777778,225080,True,0.1904761905,0.5117663157,2,225080,26-30,400,0,0,0,0,0,0,0,0,0,5,41,30.70784444,0,0,1381853
116,135,F06,12,Seq1,Seq1_12DPH_F06,628,3141,188440,,300,1131,99,0,209.0,0.0,20.2,91.0,8.02,,0.01191313494,0.008023134385,0.01436289446,0,0,0,0,0,0,0,0,0,0,1032,0,,5.00212314225053,188480,True,0.8571428571,2.593949003,10,188480,08-14,400,0,0,0,0,0,0,0,0,0,19,61,30.19495754,0,0,1137746
117,136,F06,13,Seq1,Seq1_13DPH_F06,500,2501,150040,,108,691,17,0,278.0,0.0,20.1,106.0,8.19,,0.02499077809,0.02007551767,0.03205807305,2,0,0,0,0,22,13,0,0,0,293,35,0.0,9.53913333333333,286174,True,0.1666666667,0.3892494721,1,286174,08-14,400,0,0,0,0,0,0,0,0,0,45,61,21.95803333,0,0,658741
118,137,F06,14,Seq1,Seq1_14DPH_F06,500,2501,150040,,238,1520,121,0,276.0,1.0125,20.2,88.0,8.18,,0.01586790912,0.01155719687,0.01963056051,0,0,0,0,0,5,0,0,0,18,1399,23,0.7826086957,5.00266666666667,150080,True,1.952380952,6.003966943,20,150080,08-14,400,0,0,0,0,0,0,0,0,0,29,61,6.858466667,0,0,205754
119,138,F06,14,Seq2,Seq2_14DPH_F06,500,23,1360,,0,0,0,0,276.0,1.0125,20.2,88.0,8.18,,0.01586790912,0.01155719687,0.01963056051,0,0,0,0,0,0,0,0,0,0,0,0,,0.0466666666666666,1400,True,0.0,0.0,0,1400,08-14,400,0,0,0,0,0,0,0,0,0,0,61,0.048266667,0,0,1448
120,139,F06,14,Seq3,Seq3_14DPH_F06,500,2501,150040,,40,41,1,0,276.0,1.0125,20.2,88.0,8.18,,0.01586790912,0.01155719687,0.01963056051,0,0,0,0,0,2,0,0,0,4,40,6,0.6666666667,5.00266666666667,150080,True,0.09523809524,0.3007926038,1,150080,08-14,400,0,0,0,0,0,0,0,0,0,9,61,32.66356667,0,0,979907
121,140,F06,17,Seq1,Seq1_17DPH_F06,500,2501,150040,,550,627,19,0,300.0,8.4,21.1,88.0,8.17,,0.01228893457,0.004551863381,0.01317932359,4,0,0,0,0,17,3,0,1,0,608,21,0.0,5.00266666666667,150080,True,0.1904761905,0.5117663157,2,150080,15-20,400,0,0,0,0,0,0,0,0,0,26,61,30.257,0,0,907710
122,141,F06,18,Seq1,Seq1_18DPH_F06,500,2501,150040,,999,1276,55,0,300.0,2.4,21.6,91.4563279858009,8.1,,0.008964504258,0.006726129003,0.01120726595,1,0,0,0,0,17,1,0,0,0,1221,18,0.0,5.00266666666667,150080,True,0.7619047619,0.7003400535,2,150080,15-20,400,0,0,0,0,0,0,0,0,0,29,61,32.98843333,0,0,989653
123,142,F06,21,Seq1,Seq1_21DPH_F06,500,2501,150040,,1624,2706,155,0,430.0,32.4,21.3,103.0,8.11,,0.01158993465,0.005241815182,0.01272018338,2,0,0,0,0,36,2,0,0,0,2551,38,0.0,5.00266666666667,150080,True,0.9523809524,0.8646496676,3,150080,21-25,400,0,0,0,0,0,0,0,0,0,41,61,18.00463333,0,0,540139
124,143,F06,28,Seq1,Seq1_28DPH_F06,500,2501,150040,,79,82,3,0,0.0,88.2,21.3,108.0,8.01,,0.009683341466,0.004935491824,0.01086858084,0,0,0,0,0,4,2,0,0,0,79,3,0.0,5.00266666666667,150080,True,0.04761904762,0.2182178902,1,150080,26-30,400,0,0,0,0,0,0,0,0,0,3,61,45.0554,0,0,1351662
125,145,F07,8,Seq1,Seq1_08DPH_F07,500,2501,150040,,456,1741,230,0,264.0,0.0,20.3,97.0,8.24,,,,,0,0,0,0,0,15,0,0,0,139,1511,154,0.8967741935,5.00266666666667,150080,False,0.09523809524,0.3007926038,1,150080,08-14,400,0,0,0,0,0,0,0,0,0,157,41,63.35086667,0,0,1900526
126,146,F07,9,Seq1,Seq1_09DPH_F07,500,2501,150040,,468,582,22,0,290.0,0.0,20.3,96.0,8.22,,0.01222668739,0.006147398462,0.01372714859,0,0,0,0,0,18,0,0,0,0,560,18,0.0,5.00266666666667,150080,False,0.1904761905,0.5117663157,2,150080,08-14,400,0,0,0,0,0,0,0,0,0,37,41,45.71323333,0,0,1371397
127,147,F07,10,Seq1,Seq1_10DPH_F07,500,2501,150040,,150,157,4,0,253.0,0.0,20.3,113.0,8.22,,0.03503263717,0.07497903445,0.08275939042,0,0,0,0,0,0,0,0,0,0,153,0,,5.00266666666667,150080,False,0.09523809524,0.3007926038,1,150080,08-14,400,0,0,0,0,0,0,0,0,0,8,41,49.58413333,0,0,1487524
128,148,F07,11,Seq1,Seq1_11DPH_F07,500,2501,150040,,645,849,31,0,250.0,0.0,20.4,97.0,8.22,,0.01133201971,0.005885158349,0.01276908825,0,0,0,0,0,15,0,0,0,0,818,15,0.0,5.00266666666667,150080,False,0.3333333333,0.5773502692,2,150080,08-14,400,0,0,0,0,0,0,0,0,0,31,41,29.29756667,0,0,878927
129,149,F07,11,Seq2,Seq2_11DPH_F07,500,2501,150040,,681,924,37,0,250.0,0.0,20.4,97.0,8.22,,0.01133201971,0.005885158349,0.01276908825,0,1,0,0,0,19,1,0,0,0,887,20,0.0,5.00266666666667,150080,False,0.2380952381,0.5389584311,2,150080,08-14,400,0,0,0,0,0,0,0,0,0,36,41,20.20586667,0,0,606176
130,150,F07,12,Seq1,Seq1_12DPH_F07,500,2501,150040,,1058,2249,202,0,304.0,0.0,20.3,93.0,8.24,,0.01238719204,0.006577796888,0.01402532626,1,0,0,0,0,56,3,0,1,5,2047,65,0.06849315068,5.00266666666667,150080,False,1.238095238,3.048028246,14,150080,08-14,400,0,0,0,0,0,0,0,0,0,76,41,71.78346667,0,0,2153504
131,151,F08,10,Seq1,Seq1_10DPH_F08,500,2501,150040,,1598,2568,131,0,256.0,0.0,20.8,109.0,8.15,,,,,1,1,0,0,0,24,2,0,0,0,2437,26,0.0,5.00266666666667,150080,False,0.8571428571,0.9636241117,3,150080,08-14,400,0,0,0,0,0,0,0,0,0,31,61,55.41283333,0,0,1662385
132,152,F08,12,Seq1,Seq1_12DPH_F08,290,1451,87040,,449,1140,72,0,206.0,0.0,20.9,117.0,8.14,,0.003914252969,0.002189485192,0.004478707797,0,0,0,0,0,0,0,0,0,3,1068,3,1.0,5.00459770114943,87080,False,0.8571428571,1.824437291,8,87080,08-14,400,0,0,0,0,0,0,0,0,0,5,61,30.19229885,0,0,525346
133,153,F08,15,Seq1,Seq1_15DPH_F08,500,2501,150040,,575,703,28,0,246.0,2.9,20.7,114.0,8.1,,0.01063492715,0.005214230695,0.0118443979,0,0,0,0,0,9,0,0,0,10,675,19,0.5,5.00266666666667,150080,False,0.1904761905,0.4023739081,1,150080,15-20,400,0,0,0,0,0,0,0,0,0,84,61,10.9394,0,0,328182
134,154,F08,15,Seq2,Seq2_15DPH_F08,500,2501,150040,,523,644,37,0,246.0,2.9,20.7,114.0,8.1,,0.01063492715,0.005214230695,0.0118443979,0,0,0,0,0,6,1,0,0,23,607,30,0.7419354839,5.00266666666667,150080,False,0.04761904762,0.2182178902,1,150080,15-20,400,0,0,0,0,0,0,0,0,0,82,61,5.740566667,0,0,172217
135,155,F08,15,Seq3,Seq3_15DPH_F08,500,2501,150040,,612,717,26,0,246.0,2.9,20.7,114.0,8.1,,0.01063492715,0.005214230695,0.0118443979,0,0,0,0,0,8,0,0,0,20,691,28,0.7142857143,5.00266666666667,150080,False,0.2380952381,0.5389584311,2,150080,15-20,400,0,0,0,0,0,0,0,0,0,68,61,32.28923333,0,0,968677
136,156,F08,17,Seq1,Seq1_17DPH_F08,500,2501,150040,,219,259,14,0,289.0,11.7,21.3,88.0,8.04,,0.01715967284,0.02677276471,0.03336091711,0,0,0,0,0,0,0,0,0,0,245,0,,5.00266666666667,150080,False,0.09523809524,0.3007926038,1,150080,15-20,400,0,0,0,0,0,0,0,0,0,1,61,24.8806,0,0,746418
137,157,F08,17,Seq2,Seq2_17DPH_F08,500,2501,150040,,452,539,32,0,289.0,11.7,21.3,88.0,8.04,,0.01715967284,0.02677276471,0.03336091711,0,0,0,0,0,1,0,0,0,0,507,1,0.0,5.00266666666667,150080,False,0.2380952381,0.4364357805,1,150080,15-20,400,0,0,0,0,0,0,0,0,0,6,61,25.62963333,0,0,768889
138,158,F08,19,Seq1,Seq1_19DPH_F08,500,2501,150040,,374,435,42,0,320.0,15.0,21.4,89.0,8.09267653276279,,,,,0,0,0,0,0,1,0,0,0,0,393,1,0.0,5.00266666666667,150080,False,0.1428571429,0.3585685828,1,150080,15-20,400,0,0,0,0,0,0,0,0,0,6,61,38.69486667,0,0,1160846
139,159,F08,26,Seq1,Seq1_26DPH_F08,498,2491,149440,,191,221,16,0,0.0,66.15,21.2,88.0,8.15,,0.01495567732,0.007497603826,0.01672979676,0,0,0,0,0,3,0,0,0,0,205,3,0.0,5.00267737617135,149480,False,0.09523809524,0.3007926038,1,149480,26-30,400,0,0,0,0,0,0,0,0,0,4,61,20.05100402,0,0,599124
140,160,F08,26,Seq2,Seq2_26DPH_F08,500,2501,150040,,186,212,17,0,0.0,66.15,21.2,88.0,8.15,,0.01495567732,0.007497603826,0.01672979676,0,0,0,0,0,2,0,0,0,0,195,2,0.0,5.00266666666667,150080,False,0.1428571429,0.3585685828,1,150080,26-30,400,0,0,0,0,0,0,0,0,0,4,61,30.4032,0,0,912096
141,161,F08,29,Seq1,Seq1_29DPH_F08,500,2501,150040,,338,448,44,0,0.0,49.0,22.2,85.0,8.09,,0.01499171023,0.008336448833,0.01715364356,2,0,0,0,0,26,1,0,1,0,404,28,0.0,5.00266666666667,150080,False,0.2857142857,0.7837638128,3,150080,26-30,400,0,0,0,0,0,0,0,0,0,34,61,49.5347,0,0,1486041
142,162,F09,16,Seq1,Seq1_16DPH_F09,500,2501,150040,,82,86,3,0,264.0,6.9,20.7,110.0,8.12,,0.01355274533,0.005957838986,0.01480447759,0,0,0,0,0,0,0,0,0,0,83,0,,5.00266666666667,150080,True,0.0,0.0,0,150080,15-20,400,0,0,0,0,0,0,0,0,0,0,81,20.0077,0,0,600231
143,163,F09,16,Seq2,Seq2_16DPH_F09,500,2501,150040,,57,57,0,0,264.0,6.9,20.7,110.0,8.12,,0.01355274533,0.005957838986,0.01480447759,0,0,0,0,0,1,0,0,0,0,57,1,0.0,5.00266666666667,150080,True,0.04761904762,0.2182178902,1,150080,15-20,400,0,0,0,0,0,0,0,0,0,2,81,20.04473333,0,0,601342
144,164,F10,10,Seq1,Seq1_10DPH_F10,500,2501,150040,,605,838,48,0,246.0,0.0,19.6,101.0,8.18,,0.01311070901,0.009243809189,0.01604176733,0,8,0,0,0,20,9,0,0,13,790,42,0.3111111111,5.00266666666667,150080,True,0.5714285714,1.325572653,6,150080,08-14,400,0,0,0,0,0,0,0,0,0,43,101,46.641,0,0,1399230
145,165,F10,13,Seq1,Seq1_13DPH_F10,500,2501,150040,,146,164,10,0,290.0,0.0,20.4,94.0,8.14,,0.01143277996,0.005408883957,0.01264770007,1,0,0,0,0,1,1,0,0,0,154,2,0.0,5.00266666666667,150080,True,0.04761904762,0.2182178902,1,150080,08-14,400,0,0,0,0,0,0,0,0,0,3,101,41.6929,0,0,1250787
146,166,F10,14,Seq1,Seq1_14DPH_F10,500,2501,150040,,70,722,22,0,265.0,1.0,20.5,91.0,8.14,,0.0118256719,0.005918072296,0.01322383959,0,0,0,0,0,0,41,0,0,0,700,41,1.0,5.00266666666667,150080,True,0.0,0.0,0,150080,08-14,400,0,0,0,0,0,0,0,0,0,42,101,49.2544,0,0,1477632
147,167,F10,15,Seq1,Seq1_15DPH_F10,500,2501,150040,,130,737,1,0,230.0,2.3,20.4,93.0,8.24,,0.07099550404,0.07892690611,0.1091144837,0,0,0,0,0,1,1,0,0,0,54,2,0.0,6.94973333333333,208492,True,0.0,0.0,0,208492,15-20,400,0,0,0,0,0,0,0,0,0,3,101,48.30516667,0,0,1449155
148,168,F10,16,Seq1,Seq1_16DPH_F10,500,2501,150040,,147,151,3,0,218.0,6.0,20.6,92.0,8.23,,0.01368171508,0.009408558196,0.01660451389,0,0,0,0,0,0,0,0,0,0,148,0,,5.00266666666667,150080,True,0.09523809524,0.3007926038,1,150080,15-20,400,0,0,0,0,0,0,0,0,0,6,101,15.0016,0,0,450048
149,169,F10,16,Seq2,Seq2_16DPH_F10,500,2501,150040,,110,114,4,0,218.0,6.0,20.6,92.0,8.23,,0.01368171508,0.009408558196,0.01660451389,0,0,0,0,0,0,0,0,0,0,110,0,,5.00266666666667,150080,True,0.1428571429,0.3585685828,1,150080,15-20,400,0,0,0,0,0,0,0,0,0,9,101,34.2141,0,0,1026423
150,170,F10,17,Seq1,Seq1_17DPH_F10,500,2501,150040,,181,524,25,0,230.0,8.4,20.6,104.0,8.09267653276279,,0.01276820683,0.006699111219,0.01441890256,0,0,0,0,0,0,1,0,0,1,499,2,0.5,5.00266666666667,150080,True,0.04761904762,0.2182178902,1,150080,15-20,400,0,0,0,0,0,0,0,0,0,2,101,44.0263,0,0,1320789
151,171,F10,22,Seq1,Seq1_22DPH_F10,500,2501,150040,,774,1053,57,0,456.0,36.0,20.6,89.0,8.08,,0.01205733516,0.008958537597,0.01502113259,6,0,0,0,0,14,6,0,0,2,996,22,0.08695652174,5.00266666666667,150080,True,0.3333333333,0.6582805886,2,150080,21-25,400,0,0,0,0,0,0,0,0,0,46,101,51.69753333,0,0,1550926
152,172,F11,13,Seq1,Seq1_13DPH_F11,500,2501,150040,,120,138,6,0,293.0,0.0,20.4,98.0,8.14,,0.01449272706,0.007464177544,0.01630192797,0,1,0,0,0,3,1,0,0,0,132,4,0.0,5.00266666666667,150080,True,0.04761904762,0.2182178902,1,150080,08-14,400,0,0,0,0,0,0,0,0,0,5,81,49.6658,0,0,1489974
153,173,F11,15,Seq1,Seq1_15DPH_F11,500,2501,150040,,164,188,10,0,296.0,3.2,20.5,90.0,8.19,,0.01581091204,0.00750020572,0.01750587682,0,0,0,0,0,7,0,0,0,0,178,7,0.0,5.00266666666667,150080,True,0.1904761905,0.4023739081,1,150080,15-20,400,0,0,0,0,0,0,0,0,0,10,81,41.00713333,0,0,1230214
154,174,F11,15,Seq2,Seq2_15DPH_F11,500,2501,150040,,95,100,5,0,296.0,3.2,20.5,90.0,8.19,,0.01581091204,0.00750020572,0.01750587682,0,0,0,0,0,4,0,0,0,0,95,4,0.0,5.00266666666667,150080,True,0.09523809524,0.3007926038,1,150080,15-20,400,0,0,0,0,0,0,0,0,0,4,81,41.00713333,0,0,1230214
155,175,F11,19,Seq2,Seq2_19DPH_F11,500,2501,150040,,1034,1309,63,0,289.0,14.85,20.7,86.0,8.09267653276279,,,,,7,0,1,0,0,52,6,0,3,0,1246,61,0.0,5.00266666666667,150080,True,0.4761904762,0.7496030696,3,150080,15-20,400,0,0,0,0,0,0,0,0,0,65,81,21.08906667,0,0,632672
156,176,F11,26,Seq1,Seq1_26DPH_F11,500,2501,150040,,1589,2717,140,0,0.0,72.8,20.4,94.0,8.11,,,,,10,0,0,0,0,2,10,0,0,0,2577,12,0.0,5.00266666666667,150080,True,1.142857143,1.108409414,4,150080,26-30,400,0,0,0,0,0,0,0,0,0,20,81,14.1407,0,0,424221
157,177,F11,27,Seq2,Seq2_27DPH_F11,500,668,40060,,293,1442,205,0,0.0,79.8,20.4,77.0,8.09267653276279,,,,,8,0,0,0,0,56,9,0,0,26,2152,91,0.2857142857,5.00266666666667,150080,True,0.2857142857,0.4629100499,1,150080,26-30,400,0,0,0,0,0,0,0,0,0,108,81,5.1248,0,0,153744
158,178,F11,28,Seq1,Seq1_28DPH_F11,490,683,40960,,151,164,4,0,0.0,88.2,20.5,92.0,8.09267653276279,,,,,1,0,0,0,0,8,1,0,0,0,160,9,0.0,1.39455782312925,41000,True,0.1904761905,0.4023739081,1,41000,26-30,400,0,0,0,0,0,0,0,0,0,12,81,1.395068027,0,0,41015
159,179,F11,28,Seq2,Seq2_28DPH_F11,490,683,40960,,79,85,0,0,0.0,88.2,20.5,92.0,8.09267653276279,,,,,0,0,0,0,0,1,0,0,0,2,85,3,0.6666666667,1.39455782312925,41000,True,0.0,0.0,0,41000,26-30,400,0,0,0,0,0,0,0,0,0,5,81,1.395068027,0,0,41015
160,180,F11,28,Seq3,Seq3_28DPH_F11,490,683,40960,,253,318,8,0,0.0,88.2,20.5,92.0,8.09267653276279,,,,,3,0,0,0,0,25,3,0,0,1,310,29,0.03333333333,1.39455782312925,41000,True,0.5238095238,0.6796357568,2,41000,26-30,400,0,0,0,0,0,0,0,0,0,38,81,1.395068027,0,0,41015
161,181,F12,19,Seq1,Seq1_19DPH_F12,500,2501,150040,,1551,8352,1400,0,250.0,18.9,19.6,86.0,8.09267653276279,,,,,0,0,0,0,0,8,0,0,0,0,6952,8,0.0,5.00266666666667,150080,True,3.0,2.880972058,8,150080,15-20,400,0,0,0,0,0,0,0,0,0,12,101,20.02613333,0,0,600784
162,182,F12,24,Seq1,Seq1_24DPH_F12,500,2501,150040,,2501,55801,23757,0,0.0,58.8,19.7,82.0,8.0,,,,,0,0,0,0,0,14,0,0,0,0,32044,14,0.0,5.00266666666667,150080,True,12.23809524,2.233937374,16,150080,21-25,400,0,0,0,0,0,0,0,0,0,40,101,29.98913333,0,0,899674
163,183,F12,25,Seq1,Seq1_25DPH_F12,500,2501,150040,,2501,68889,33360,0,0.0,70.0,19.7,80.0,8.11,,,,,7,0,0,0,4,483,16,0,1,0,17089,500,0.0,2.43266666666667,72980,True,14.0,2.549509757,18,72980,21-25,400,0,0,0,0,0,0,0,0,0,515,101,16.55146667,0,0,496544
164,186,F13,8,Seq1,Seq1_08DPH_F13,500,2501,150040,,2232,16932,3362,0,250.0,0.0,19.1,92.0,8.2,,,,,2,1,0,1,0,491,8,0,0,1,4627,500,0.002,2.55866666666667,76760,True,4.904761905,3.477136205,11,76760,08-14,400,0,0,0,0,0,0,0,0,0,559,81,12.09466667,0,0,362840
165,187,F13,16,Seq1,Seq1_16DPH_F13,500,2501,150040,,338,396,19,0,268.0,15.8,19.1,81.0,7.96,,,,,0,0,0,0,0,37,0,0,0,0,377,37,0.0,5.00266666666667,150080,True,0.1904761905,0.4023739081,1,150080,15-20,400,0,0,0,0,0,0,0,0,0,44,81,19.89856667,0,0,596957
166,188,F13,16,Seq2,Seq2_16DPH_F13,500,2501,150040,,233,249,4,0,268.0,15.8,19.1,81.0,7.96,,,,,0,0,0,0,0,25,0,0,0,0,245,25,0.0,5.00266666666667,150080,True,0.04761904762,0.2182178902,1,150080,15-20,400,0,0,0,0,0,0,0,0,0,27,81,21.21176667,0,0,636353
167,189,F13,18,Seq1,Seq1_18DPH_F13,500,2501,150040,,1758,3793,292,0,224.0,8.4,18.7,75.0,7.99,,,,,51,6,0,1,0,384,54,0,6,56,1969,500,0.112,1.88666666666667,56600,True,1.238095238,1.670471847,7,56600,15-20,400,0,0,0,0,0,0,0,0,0,518,81,20.01106667,0,0,600332
168,190,F13,18,Seq2,Seq2_18DPH_F13,500,2501,150040,,1878,3707,210,0,224.0,8.4,18.7,75.0,7.99,,,,,0,0,0,0,0,0,0,0,0,0,2709,0,,4.30866666666667,129260,True,1.571428571,1.247855303,4,129260,15-20,400,0,0,0,0,0,1,0,1,1,567,81,13.6502,1,9,409506
169,191,F13,19,Seq1,Seq1_19DPH_F13,500,2501,150040,,772,1010,44,0,345.0,23.0,19.4,87.0,8.12,,,,,0,0,0,0,1,79,1,0,0,0,966,80,0.0,5.00266666666667,150080,True,0.2857142857,0.6436503043,2,150080,15-20,400,0,0,0,0,0,0,0,0,0,101,81,19.31583333,0,0,579475
170,192,F13,19,Seq2,Seq2_19DPH_F13,500,2259,135520,,1248,1791,79,0,345.0,23.0,19.4,87.0,8.12,,,,,0,0,0,0,1,157,1,0,0,0,1712,158,0.0,4.51866666666667,135560,True,0.6666666667,1.016530045,4,135560,15-20,400,0,0,0,0,0,0,0,0,0,186,81,4.519033333,0,0,135571
171,193,F13,29,Seq1,Seq1_29DPH_F13,500,2501,150040,,1212,1842,122,0,0.0,115.5,19.3,85.0,8.1,,,,,2,0,0,0,0,113,3,0,0,0,1720,116,0.0,5.00266666666667,150080,True,0.8095238095,0.8728715609,3,150080,26-30,400,0,0,0,0,0,0,0,0,0,138,81,20.0084,0,0,600252
172,194,F13,29,Seq2,Seq2_29DPH_F13,500,2501,150040,,714,868,45,0,0.0,115.5,19.3,85.0,8.1,,,,,8,0,0,0,0,18,8,0,0,0,823,26,0.0,5.00266666666667,150080,True,0.5238095238,0.6796357568,2,150080,26-30,400,0,0,0,0,0,0,0,0,0,37,81,20.05703333,0,0,601711
173,195,F14,9,Seq1,Seq1_09DPH_F14,544,2721,163240,,339,386,12,0,108.0,0.0,19.0,96.0,8.18,,,,,3,1,0,0,0,22,3,0,0,0,374,25,0.0,5.00245098039216,163280,True,0.04761904762,0.2182178902,1,163280,08-14,400,0,0,0,0,0,0,0,0,0,39,61,10.03636642,0,0,327587
174,196,F14,9,Seq2,Seq2_09DPH_F14,544,2721,163240,,332,354,9,0,108.0,0.0,19.0,96.0,8.18,,,,,0,0,0,0,0,27,0,0,0,0,345,27,0.0,5.00245098039216,163280,True,0.04761904762,0.2182178902,1,163280,08-14,400,0,0,0,0,0,0,0,0,0,35,61,10.18259804,0,0,332360
175,197,F14,12,Seq1,Seq1_12DPH_F14,498,2491,149440,,1214,1734,98,0,250.0,0.0,19.0,92.0,8.26,,,,,0,3,0,0,0,187,4,0,0,0,1636,191,0.0,5.00267737617135,149480,True,0.619047619,1.023532631,4,149480,08-14,400,0,0,0,0,0,0,0,0,0,197,61,21.9771419,0,0,656677
176,198,F14,12,Seq2,Seq2_12DPH_F14,500,2501,150040,,973,1258,52,0,250.0,0.0,19.0,92.0,8.26,,,,,1,0,0,0,0,57,1,0,0,0,1206,58,0.0,5.00266666666667,150080,True,0.5714285714,0.7464200273,3,150080,08-14,400,0,0,0,0,0,0,0,0,0,60,61,20.00033333,0,0,600010
177,199,F14,20,Seq1,Seq1_20DPH_F14,500,2501,150040,,491,576,10,0,326.0,22.4,19.1,99.0,8.09,,,,,0,1,0,0,0,42,1,0,0,0,566,43,0.0,5.00266666666667,150080,True,0.04761904762,0.2182178902,1,150080,15-20,400,0,0,0,0,0,0,0,0,0,57,61,20.0287,0,0,600861
178,200,F14,20,Seq2,Seq2_20DPH_F14,500,2501,150040,,107,110,0,0,326.0,22.4,19.1,99.0,8.09,,,,,0,0,0,0,0,1,0,0,0,0,110,1,0.0,5.00266666666667,150080,True,0.04761904762,0.2182178902,1,150080,15-20,400,0,0,0,0,0,0,0,0,0,9,61,20.0287,0,0,600861
179,201,F14,20,Seq3,Seq3_20DPH_F14,500,2501,150040,,133,139,1,0,326.0,22.4,19.1,99.0,8.09,,,,,0,0,0,0,0,0,0,0,0,2,138,2,1.0,5.00266666666667,150080,True,0.0,0.0,0,150080,15-20,400,0,0,0,0,0,0,0,0,0,16,61,20.24433333,0,0,607330
180,202,F14,23,Seq1,Seq1_23DPH_F14,500,2501,150040,,136,156,5,0,403.0,46.0,19.4,92.0,8.11,,,,,1,0,0,0,0,17,1,0,0,0,151,18,0.0,5.00266666666667,150080,True,0.09523809524,0.3007926038,1,150080,21-25,400,0,0,0,0,0,0,0,0,0,19,61,20.227,0,0,606810
181,203,F14,23,Seq2,Seq2_23DPH_F14,500,2501,150040,,369,407,22,0,403.0,46.0,19.4,92.0,8.11,,,,,0,0,0,0,0,34,0,0,1,0,385,35,0.0,5.00266666666667,150080,True,0.09523809524,0.3007926038,1,150080,21-25,400,0,0,0,0,0,0,0,0,0,43,61,19.94493333,0,0,598348
182,204,F14,24,Seq1,Seq1_24DPH_F14,500,2501,150040,,822,1023,31,0,0.0,64.4,19.5,94.0,8.13,,,,,6,3,0,0,0,130,9,0,0,2,992,141,0.01418439716,5.00266666666667,150080,True,0.2857142857,0.4629100499,1,150080,21-25,400,0,0,0,0,0,0,0,0,0,159,61,19.3247,0,0,579741
183,205,F14,24,Seq2,Seq2_24DPH_F14,500,2501,150040,,2499,6034,137,0,0.0,64.4,19.5,94.0,8.13,,,,,6,1,0,0,0,134,8,0,0,10,5897,152,0.06578947368,5.00266666666667,150080,True,2.476190476,0.8728715609,4,150080,21-25,400,0,0,0,0,0,0,0,0,0,177,61,20.1957,0,0,605871
184,206,F14,30,Seq1,Seq1_30DPH_F14,500,2501,150040,,2400,6392,526,0,0.0,109.2,21.0,80.0,8.16,,,,,4,1,0,0,5,191,10,0,1,1,5866,203,0.004926108374,5.00266666666667,150080,True,2.476190476,1.209092537,4,150080,26-30,400,0,0,0,0,0,0,0,0,0,214,61,19.7853,0,0,593559
185,207,F14,30,Seq2,Seq2_30DPH_F14,500,2501,150040,,1591,2370,98,0,0.0,109.2,21.0,80.0,8.16,,,,,0,0,0,0,0,0,0,0,0,0,2272,0,,5.00266666666667,150080,True,1.0,0.7745966692,3,150080,26-30,400,0,0,0,0,1,0,0,1,1,140,61,19.92956667,1,12,597887
186,208,F15,8,Seq1,Seq1_08DPH_F15,544,2721,163240,,2466,11441,1507,0,240.0,0.0,19.2,86.0,8.13,,,,,0,0,0,1,0,499,1,0,0,0,3796,500,0.0,1.23406862745098,40280,True,4.142857143,2.535462764,10,40280,08-14,400,0,0,0,0,0,0,0,0,0,524,71,11.43740809,0,0,373317
187,209,F15,8,Seq2,Seq2_08DPH_F15,544,2721,163240,,2028,4576,365,0,240.0,0.0,19.2,86.0,8.13,,,,,0,0,0,0,0,0,0,0,0,0,4211,0,,5.00245098039216,163280,True,1.714285714,1.189237451,4,163280,08-14,400,0,0,0,0,1,0,0,1,1,475,71,10.04718137,1,7,327940
188,210,F15,23,Seq1,Seq1_23DPH_F15,500,2501,150040,,653,819,33,0,377.0,50.4,20.0,80.0,8.03,,,,,0,0,0,0,0,10,0,0,0,0,786,10,0.0,5.00266666666667,150080,True,0.2380952381,0.4364357805,1,150080,21-25,400,0,0,0,0,0,0,0,0,0,16,71,19.9932,0,0,599796
189,211,F15,23,Seq2,Seq2_23DPH_F15,500,2501,150040,,193,204,5,0,377.0,50.4,20.0,80.0,8.03,,,,,0,0,0,0,0,0,0,0,0,0,199,0,,5.00266666666667,150080,True,0.1428571429,0.3585685828,1,150080,21-25,400,0,0,0,0,0,0,0,0,0,3,71,20.32793333,0,0,609838
190,212,F15,24,Seq1,Seq1_24DPH_F15,498,2491,149440,,773,956,42,0,,,,91.4563279858009,8.11,,,,,6,0,0,0,0,43,6,0,0,0,914,49,0.0,5.00267737617135,149480,True,0.2380952381,0.4364357805,1,149480,21-25,400,0,0,0,0,0,0,0,0,0,60,71,13.8708166,0,0,414460
191,213,F15,24,Seq2,Seq2_24DPH_F15,498,2491,149440,,280,355,8,0,,,,91.4563279858009,8.11,,,,,1,1,0,0,0,15,1,0,0,0,347,16,0.0,5.00267737617135,149480,True,0.1428571429,0.3585685828,1,149480,21-25,400,0,0,0,0,0,0,0,0,0,26,71,13.8708166,0,0,414460
192,214,F15,24,Seq4,Seq4_24DPH_F15,498,2491,149440,,1048,1436,72,0,,,,91.4563279858009,8.11,,,,,19,4,1,0,0,49,20,0,0,8,1364,77,0.1038961039,5.00267737617135,149480,True,0.380952381,0.5895922724,2,149480,21-25,400,0,0,0,0,0,0,0,0,0,119,71,13.8708166,0,0,414460
193,215,F15,24,Seq5,Seq5_24DPH_F15,500,2501,150040,,1032,1465,58,0,,,,91.4563279858009,8.11,,,,,5,2,0,0,0,44,6,0,1,0,1407,51,0.0,5.00266666666667,150080,True,0.6666666667,0.8563488386,3,150080,21-25,400,0,0,0,0,0,0,0,0,0,116,71,10.09943333,0,0,302983
194,216,F15,29,Seq1,Seq1_29DPH_F15,500,2501,150040,,239,271,3,0,0.0,97.44,19.4,92.0,8.13,,,,,1,0,0,0,0,7,1,0,1,0,268,9,0.0,5.00266666666667,150080,True,0.04761904762,0.2182178902,1,150080,26-30,400,0,0,0,0,0,0,0,0,0,13,71,20.41836667,0,0,612551
195,217,F15,29,Seq2,Seq2_29DPH_F15,500,2501,150040,,460,554,23,0,0.0,97.44,19.4,92.0,8.13,,,,,0,0,0,0,0,2,0,0,0,4,531,6,0.6666666667,5.00266666666667,150080,True,0.1904761905,0.5117663157,2,150080,26-30,400,0,0,0,0,0,0,0,0,0,18,71,9.565533333,0,0,286966
196,220,F16,8,Seq1,Seq1_08DPH_F16,500,2501,150040,,1257,3388,97,40000,40.0,0.0,18.9,106.0,8.2,,,,,6,6,3,0,0,117,17,0,0,0,1411,134,0.0,5.00466666666667,150140,False,0.8823529412,1.218726433,4,190140,08-14,400,0,0,0,0,0,0,0,0,0,151,21,19.24423333,0,0,577327
197,221,F16,9,Seq1,Seq1_09DPH_F16,500,2501,150040,,88,101,6,0,264.0,0.0,18.5,83.0,8.27,,,,,0,0,0,0,0,20,1,0,0,0,95,21,0.0,5.00266666666667,150080,False,0.0,0.0,0,150080,08-14,400,0,0,0,0,0,0,0,0,0,22,21,19.48503333,0,0,584551
198,222,F16,9,Seq2,Seq2_09DPH_F16,500,2501,150040,,94,95,0,0,264.0,0.0,18.5,83.0,8.27,,,,,0,0,0,0,0,4,1,0,0,1,95,6,0.1666666667,5.00266666666667,150080,False,0.0,0.0,0,150080,08-14,400,0,0,0,0,0,0,0,0,0,7,21,19.48503333,0,0,584551
199,223,F16,14,Seq1,Seq1_14DPH_F16,500,2501,150040,,1498,2135,124,0,250.0,1.1,19.0,92.0,8.28,,,,,48,3,1,1,0,33,58,0,0,0,2011,91,0.0,5.00266666666667,150080,False,0.7142857143,1.055597326,3,150080,08-14,400,0,0,0,0,0,1,0,1,1,136,21,20.6208,1,17,618624
200,224,F16,16,Seq1,Seq1_16DPH_F16,500,2501,150040,,574,648,18,0,220.0,6.9,19.8,98.0,8.13,,,,,21,2,2,0,0,49,25,0,1,5,630,80,0.0625,5.00266666666667,150080,False,0.2857142857,0.5606119106,2,150080,15-20,400,0,0,0,0,0,1,0,1,1,89,21,24.22263333,1,42,726679
201,225,F16,23,Seq3,Seq3_23DPH_F16,500,2501,150040,,2405,8082,499,0,345.0,48.6,19.9,100.0,8.01,,,,,206,10,15,0,0,258,230,0,1,3,7583,492,0.006097560976,5.00266666666667,150080,False,2.952380952,1.687488977,7,150080,21-25,400,0,0,0,0,0,0,0,0,0,529,21,11.37446667,0,0,341234
202,226,F16,29,Seq2,Seq2_29DPH_F16,500,404,24220,,395,1266,81,0,0.0,103.95,21.3,107.0,8.01,,,,,7,1,0,0,3,48,12,0,0,15,1185,75,0.2,0.808666666666667,24260,False,3.333333333,1.238278375,6,24260,26-30,400,0,0,0,0,0,0,0,0,0,108,21,22.57946667,0,0,677384
203,229,F17,9,Seq1,Seq1_09DPH_F17,500,2501,150040,,1525,2575,226,35000,252.0,0.0,19.0,91.0,8.22,,,,,20,3,5,8,0,224,45,0,0,0,2206,269,0.0,5.00466666666667,150140,False,0.7777777778,0.7320844981,2,185140,08-14,400,0,0,0,0,0,0,0,0,0,283,41,9.398266667,0,0,281948
204,230,F17,11,Seq2,Seq2_11DPH_F17,500,2501,150040,,1284,1872,103,0,254.0,0.0,19.1,97.0,8.16,,0.01374936125,0.009475981946,0.01669846385,16,0,3,16,0,85,46,0,0,0,1769,131,0.0,5.00466666666667,150140,False,0.7142857143,1.007117528,3,150140,08-14,400,0,0,0,0,0,0,0,0,0,164,41,19.57573333,0,0,587272
205,231,F17,16,Seq1,Seq1_16DPH_F17,500,2501,150040,,1165,1573,65,0,242.0,13.92,20.0,89.0,8.02,,0.01135069413,0.005875689361,0.01278130671,39,1,2,1,0,49,41,0,1,16,1508,109,0.1495327103,5.00266666666667,150080,False,0.5714285714,0.8106434834,2,150080,15-20,400,0,0,0,0,0,1,0,1,1,133,41,19.67353333,1,21,590206
206,232,F17,16,Seq2,Seq2_16DPH_F17,500,2301,138040,,1699,3255,191,0,242.0,13.92,20.0,89.0,8.02,,0.01135069413,0.005875689361,0.01278130671,245,17,10,1,0,201,289,0,8,2,2709,500,0.004,4.30866666666667,129260,False,1.714285714,1.73616984,6,129260,15-20,400,0,0,0,0,0,0,0,0,0,567,41,19.67353333,0,0,590206
207,233,F17,24,Seq1,Seq1_24DPH_F17,500,2501,150040,,2500,20195,3879,0,20.0,52.5,20.2,66.0,7.9,,0.02110911097,0.01252134321,0.02454338815,200,9,9,3,0,264,228,0,8,0,2779,500,0.0,0.936666666666667,28100,False,6.666666667,2.886751346,14,28100,21-25,400,0,0,0,0,0,0,0,0,0,562,41,20.18456667,0,0,605537
208,234,F17,30,Seq1,Seq1_30DPH_F17,500,2501,150040,,1052,1318,51,0,0.0,110.25,22.6,76.0,8.04,,0.01661532952,0.008654331368,0.01873398889,21,2,0,0,35,32,81,0,1,0,1267,114,0.0,5.00266666666667,150080,False,0.5714285714,0.6761234038,2,150080,26-30,400,0,0,0,0,0,0,0,0,0,143,41,14.8344,0,0,445032
209,235,F17,30,Seq2,Seq2_30DPH_F17,500,2501,150040,,1357,2044,79,0,0.0,110.25,22.6,76.0,8.04,,0.01661532952,0.008654331368,0.01873398889,19,1,2,0,12,96,55,0,2,1,1965,157,0.006493506494,5.00266666666667,150080,False,0.7619047619,0.8309489698,3,150080,26-30,400,0,0,0,0,0,1,0,1,1,191,41,20.02893333,1,16,600868
210,236,F18,15,Seq1,Seq1_15DPH_F18,500,2501,150040,,1492,2559,181,0,248.0,1.45,19.6,90.0,8.05,,,,,12,0,1,0,0,18,13,0,0,0,2378,31,0.0,5.00266666666667,150080,False,0.5238095238,0.7496030696,2,150080,15-20,400,0,0,0,0,0,1,0,1,1,70,51,10.5662,1,23,316986
211,237,F18,15,Seq2,Seq2_15DPH_F18,500,2501,150040,,2501,11641,2595,0,248.0,1.45,19.6,90.0,8.05,,,,,29,3,4,4,0,39,46,0,0,0,9046,85,0.0,5.00266666666667,150080,False,3.619047619,1.023532631,6,150080,15-20,400,0,0,0,0,0,0,0,0,0,139,51,9.720566667,0,0,291617
212,238,F18,15,Seq3,Seq3_15DPH_F18,500,2501,150040,,2501,9986,2234,0,248.0,1.45,19.6,90.0,8.05,,,,,3,0,0,0,0,22,5,0,0,0,7752,27,0.0,5.00266666666667,150080,False,3.238095238,0.8890872794,5,150080,15-20,400,0,0,0,0,0,0,0,0,0,47,51,10.1057,0,0,303171
213,239,F18,16,Seq2,Seq2_16DPH_F18,500,2501,150040,,2501,19815,5483,0,260.0,8.4,19.7,93.0,8.13,,,,,121,14,6,7,2,244,158,0,2,0,14332,404,0.0,5.00266666666667,150080,False,5.80952381,3.092232973,12,150080,15-20,400,0,0,0,0,0,6,0,6,6,625,51,20.01593333,6,12,600478
214,240,F18,18,Seq1,Seq1_18DPH_F18,500,575,34480,,272,441,22,0,253.0,,20.1,90.0,8.0,,0.01073807445,0.003848531872,0.01140689893,9,1,1,0,0,31,12,0,1,0,419,44,0.0,1.15066666666667,34520,False,0.9523809524,1.160869953,4,34520,15-20,400,0,0,0,0,0,0,0,0,0,50,51,1.1522,0,0,34566
215,241,F18,28,Seq1,Seq1_28DPH_F18,500,2501,150040,,958,1294,58,0,0.0,89.25,20.5,77.0,7.99,,,,,37,1,4,0,6,49,86,0,0,3,1236,138,0.02173913043,5.00266666666667,150080,False,0.5238095238,0.8135752958,3,150080,26-30,400,0,0,0,0,0,1,0,1,1,168,51,20.01093333,1,23,600328
216,242,F19,12,Seq1,Seq1_12DPH_F19,500,2501,150040,,1147,1536,70,0,250.0,0.0,19.3,95.0,8.23,,,,,11,0,1,6,0,42,39,0,0,0,1466,81,0.0,5.00466666666667,150140,False,0.7142857143,0.7171371656,2,150140,08-14,400,0,0,0,0,0,0,0,0,0,84,31,19.5183,0,0,585549
217,243,F19,12,Seq2,Seq2_12DPH_F19,500,134,8020,,130,342,30,0,250.0,0.0,19.3,95.0,8.23,,,,,1,0,1,0,0,2,5,0,0,0,312,7,0.0,0.268666666666667,8060,False,2.142857143,1.062342425,4,8060,08-14,400,0,0,0,0,0,0,0,0,0,8,31,0.269866667,0,0,8096
218,244,F19,14,Seq1,Seq1_14DPH_F19,500,2501,150040,,2474,3954,112,0,220.0,1.15,19.1,98.0,8.12,,,,,13,2,2,41,0,100,62,0,0,1,3844,163,0.006134969325,5.00466666666667,150140,False,1.80952381,0.7496030696,3,150140,08-14,400,0,0,0,0,0,0,0,0,0,171,31,20.01213333,0,0,600364
219,245,F19,14,Seq2,Seq2_14DPH_F19,500,2501,150040,,2488,3505,86,0,220.0,1.15,19.1,98.0,8.12,,,,,3,0,1,11,0,75,24,0,0,0,3420,99,0.0,5.00466666666667,150140,False,1.333333333,0.4830458915,2,150140,08-14,400,0,0,0,0,0,0,0,0,0,108,31,8.669033333,0,0,260071
220,246,F19,14,Seq3,Seq3_14DPH_F19,500,2501,150040,,1258,2144,120,0,220.0,1.15,19.1,98.0,8.12,,,,,12,1,0,8,0,154,36,0,2,0,2025,192,0.0,5.00466666666667,150140,False,1.095238095,1.135991281,4,150140,08-14,400,0,0,0,0,0,0,0,0,0,206,31,9.9879,0,0,299637
221,247,F19,19,Seq1,Seq1_19DPH_F19,500,2501,150040,,2476,12943,2183,0,292.0,17.4,20.4,96.0,8.04,,,,,314,13,30,8,0,147,351,0,2,0,3285,500,0.0,1.44466666666667,43340,False,3.857142857,2.031888636,11,43340,15-20,400,0,0,0,0,0,0,0,0,0,524,31,9.625933333,0,0,288778
222,248,F19,21,Seq1,Seq1_21DPH_F19,500,2501,150040,,1344,2375,241,0,345.0,32.4,20.0,102.0,7.97,,,,,340,16,9,1,0,95,399,0,6,0,2108,500,0.0,4.89066666666667,146720,False,0.8095238095,0.8728715609,2,146720,21-25,400,0,0,0,0,0,0,0,0,0,576,31,19.9968,0,0,599904
